materialId,materialType,status,ownerOrg,numCredentials,numTransfers,hasExpiredQC,hasTamperedArtifact,expectedResult
bio:cell_line:30012a9d-35cc-4049-8b95-0015ffd63986,CELL_LINE,ACTIVE,BioRepository_MSP,3,2,false,false,PASS
bio:cell_line:8343e322-7a66-40b5-a8e4-eaf6869e9e30,CELL_LINE,ACTIVE,BioRepository_MSP,3,3,true,false,FAIL
bio:cell_line:a6b4a9bf-efdd-4871-b90c-e72452deb01f,CELL_LINE,ACTIVE,LabB_MSP,3,3,false,false,PASS
bio:cell_line:0ab2c3e5-c4b7-4900-aaa0-833d7dbc958b,CELL_LINE,ACTIVE,LabA_MSP,3,1,true,false,FAIL
bio:cell_line:0b4e8657-1497-463c-a8a4-18a4a3add0fc,CELL_LINE,ACTIVE,LabA_MSP,2,3,false,false,PASS
bio:cell_line:66283ad3-431a-4354-90dc-2524fc8881bb,CELL_LINE,ACTIVE,LabA_MSP,3,2,true,false,FAIL
bio:cell_line:98c5cd79-87d5-418e-ad62-59f62a484cb6,CELL_LINE,ACTIVE,LabA_MSP,3,3,true,false,FAIL
bio:cell_line:7e670d00-2169-42f6-94bb-2a8d64cb3565,CELL_LINE,ACTIVE,LabA_MSP,3,1,true,false,FAIL
bio:cell_line:6e604ba0-dcab-46ec-a9eb-bdc6d6c450da,CELL_LINE,ACTIVE,LabA_MSP,3,3,true,false,FAIL
bio:cell_line:3f012b42-c120-4525-95f7-e13d0d5b84eb,CELL_LINE,ACTIVE,BioRepository_MSP,2,2,true,false,FAIL
bio:cell_line:2d61cc79-ba85-4f2e-a2ba-bb12a5514c56,CELL_LINE,ACTIVE,BioRepository_MSP,2,2,true,false,FAIL
bio:plasmid:30546298-0ace-48d1-b273-ef34e91bcbbb,PLASMID,ACTIVE,LabB_MSP,3,3,false,false,PASS
bio:cell_line:768b6acd-439a-440b-8ff5-fee38e72049d,CELL_LINE,ACTIVE,LabB_MSP,3,1,true,false,FAIL
bio:plasmid:a9ccc559-aed6-4570-aa36-b3eec67356e7,PLASMID,ACTIVE,LabB_MSP,2,3,true,false,FAIL
bio:cell_line:9c804f7c-e1ca-4e30-a8dc-d2a4825ace38,CELL_LINE,ACTIVE,LabA_MSP,3,3,true,false,FAIL
bio:cell_line:5cca1c40-2966-4826-9925-c3a9db015ff0,CELL_LINE,ACTIVE,LabB_MSP,3,3,true,false,FAIL
bio:cell_line:28f697a0-146d-4698-9df9-51c476675096,CELL_LINE,ACTIVE,LabA_MSP,2,3,false,true,FAIL
bio:plasmid:f42461ef-06eb-4694-b029-a2cbcfbc67bd,PLASMID,ACTIVE,LabB_MSP,2,1,true,false,FAIL
bio:cell_line:b9ebfc0a-ed78-4f1f-92cb-7ffe8ddef09f,CELL_LINE,ACTIVE,LabA_MSP,3,1,true,false,FAIL
bio:cell_line:9667b66f-23aa-4645-a30f-a17c88718f71,CELL_LINE,ACTIVE,BioRepository_MSP,2,2,true,false,FAIL
bio:plasmid:e2cf50c0-0a6e-4247-81f2-e5dd0ebe259c,PLASMID,ACTIVE,LabB_MSP,3,3,true,false,FAIL
bio:cell_line:df72bb07-3de8-410b-be0c-662e5eb16fc5,CELL_LINE,REVOKED,LabA_MSP,2,1,true,false,FAIL
bio:plasmid:e992df6d-c91f-4a92-a108-9d58178c45d5,PLASMID,ACTIVE,LabB_MSP,2,3,true,false,FAIL
bio:plasmid:7cb8794b-d2a4-4f71-b19c-0f614fa177a0,PLASMID,ACTIVE,LabA_MSP,2,3,true,false,FAIL
bio:cell_line:ce7787ce-91aa-429a-b305-fdbac70b02f6,CELL_LINE,ACTIVE,BioRepository_MSP,2,2,false,false,PASS
bio:cell_line:00119ed9-abc7-4cda-a815-40277d262291,CELL_LINE,ACTIVE,LabA_MSP,3,3,true,false,FAIL
bio:plasmid:11f545b0-ae29-46be-a25c-6fb346ded0c2,PLASMID,ACTIVE,BioRepository_MSP,2,2,false,false,PASS
bio:cell_line:b93cc751-8023-4a41-8f6b-146f5f3675c3,CELL_LINE,ACTIVE,LabA_MSP,3,1,true,false,FAIL
bio:cell_line:1d644f72-9112-408e-bfc9-fa44fc50428c,CELL_LINE,ACTIVE,LabB_MSP,3,1,true,false,FAIL
bio:plasmid:4a74b016-338b-4b6f-b37f-e291a26e9a0f,PLASMID,ACTIVE,BioRepository_MSP,2,2,true,false,FAIL
bio:cell_line:a7c2dc52-3480-4e1e-bc66-edfd2bdbbfc7,CELL_LINE,ACTIVE,LabA_MSP,3,2,true,false,FAIL
bio:cell_line:5f55a228-a5c3-451a-a35f-c84b56db1e36,CELL_LINE,ACTIVE,LabA_MSP,2,2,true,true,FAIL
bio:plasmid:f06aa77c-c3d6-4ed6-8d93-a6bd28ca72c7,PLASMID,ACTIVE,LabA_MSP,2,1,true,false,FAIL
bio:cell_line:81e189c3-2822-415c-b3c4-cc36376745a9,CELL_LINE,ACTIVE,BioRepository_MSP,3,2,true,false,FAIL
bio:cell_line:4b7a9a3d-921c-48cd-a8cb-f08bc6f3bdf8,CELL_LINE,ACTIVE,LabB_MSP,2,1,false,false,PASS
bio:cell_line:8e5233b7-966b-441f-807a-a65775d80fdc,CELL_LINE,ACTIVE,LabB_MSP,2,1,false,false,PASS
bio:cell_line:6c3898cf-e36e-4d98-821a-29d501ab2676,CELL_LINE,ACTIVE,BioRepository_MSP,2,2,true,false,FAIL
bio:plasmid:5cc1dc8b-5a6d-465f-8ff3-c6988cc3b09d,PLASMID,ACTIVE,LabA_MSP,2,3,true,true,FAIL
bio:cell_line:ead66bf2-cca5-4bad-ad82-440d4cd4975c,CELL_LINE,ACTIVE,BioRepository_MSP,3,3,true,false,FAIL
bio:plasmid:eb146461-9fb5-4781-bb34-844485ea7e53,PLASMID,ACTIVE,LabA_MSP,2,3,true,false,FAIL
bio:cell_line:560b1541-f853-4d99-a192-6c941f2c71a5,CELL_LINE,ACTIVE,LabB_MSP,3,2,true,false,FAIL
bio:cell_line:f0674299-aeda-4edc-93fb-e0ca23bb08f2,CELL_LINE,ACTIVE,LabB_MSP,3,2,true,false,FAIL
bio:plasmid:60403a64-a0ff-4aa3-92d0-369781dfe143,PLASMID,ACTIVE,LabA_MSP,2,2,false,false,PASS
bio:plasmid:51dbf1a6-3180-43f6-ab0b-b32641a27195,PLASMID,ACTIVE,BioRepository_MSP,3,2,false,false,PASS
bio:cell_line:39df699c-b1d0-46a3-a022-0ef2d1675230,CELL_LINE,ACTIVE,LabA_MSP,2,2,true,false,FAIL
bio:plasmid:f6028b4f-5bf6-4927-a526-feeb2d46dca2,PLASMID,ACTIVE,LabB_MSP,3,2,true,false,FAIL
bio:cell_line:b467b066-2c7b-4444-b344-a679cb0b6d10,CELL_LINE,ACTIVE,LabA_MSP,2,2,true,false,FAIL
bio:plasmid:9b101876-13cf-4bcd-92e5-713d9734103b,PLASMID,ACTIVE,BioRepository_MSP,3,2,true,true,FAIL
bio:cell_line:03e55bbe-0840-4844-9f81-ff6e77661c61,CELL_LINE,REVOKED,LabA_MSP,2,1,false,false,FAIL
bio:plasmid:d853cb2e-0e0b-48a4-bad5-d3d2341759a8,PLASMID,ACTIVE,LabB_MSP,2,3,true,false,FAIL
bio:plasmid:05aca966-be25-44a5-a200-fb306c6caa74,PLASMID,ACTIVE,BioRepository_MSP,2,3,true,false,FAIL
bio:plasmid:4b750894-523d-4b98-9f81-82645ea8c48f,PLASMID,ACTIVE,LabA_MSP,2,2,false,false,PASS
bio:cell_line:05471c09-b788-4068-9504-fb3f16770aac,CELL_LINE,ACTIVE,LabA_MSP,2,1,true,false,FAIL
bio:plasmid:b42b54bb-9e9b-457b-be53-7e3bd9664f24,PLASMID,ACTIVE,LabA_MSP,2,3,true,false,FAIL
bio:plasmid:a4bcdd20-f626-4dcd-bb26-5c49c7f48184,PLASMID,ACTIVE,LabB_MSP,3,2,true,false,FAIL
bio:cell_line:237becb5-5e83-48c8-88b2-66870125bb81,CELL_LINE,ACTIVE,LabB_MSP,3,2,false,false,PASS
bio:plasmid:2e0a1350-0cd5-4d8a-ac8a-8d195d06fed0,PLASMID,ACTIVE,LabA_MSP,3,2,true,false,FAIL
bio:plasmid:8597e039-861c-44d3-b1c2-b858d72d4d21,PLASMID,ACTIVE,LabA_MSP,3,3,true,false,FAIL
bio:cell_line:37a214c1-298a-4a94-9c07-e071547808de,CELL_LINE,ACTIVE,LabB_MSP,3,3,true,false,FAIL
bio:plasmid:00e4a072-0b46-4338-a827-aa24d5c66102,PLASMID,ACTIVE,BioRepository_MSP,3,1,true,false,FAIL
bio:cell_line:dc36751b-c168-4678-977b-cd3a3c66b8b8,CELL_LINE,ACTIVE,LabB_MSP,2,1,true,false,FAIL
bio:plasmid:e5c12268-2c3a-470b-9828-16577f7a13cf,PLASMID,ACTIVE,LabB_MSP,2,1,true,false,FAIL
bio:plasmid:cfe8141f-d29e-4a3c-b473-5742882273b9,PLASMID,ACTIVE,BioRepository_MSP,3,3,true,false,FAIL
bio:plasmid:8e1f988d-31d0-4227-b07f-7a2d1c170a6d,PLASMID,ACTIVE,LabA_MSP,3,2,true,false,FAIL
bio:cell_line:8d1be9a8-4730-48a3-add6-e7615f7e8312,CELL_LINE,ACTIVE,LabA_MSP,2,1,true,false,FAIL
bio:cell_line:06d6fb1d-4f9b-405c-bb3a-4e41743d142f,CELL_LINE,ACTIVE,LabB_MSP,2,1,true,false,FAIL
bio:cell_line:d87149ee-de6d-49ae-850c-02f88777cf8b,CELL_LINE,ACTIVE,LabB_MSP,3,3,true,false,FAIL
bio:cell_line:937769e1-f09a-4e4f-911e-7e681cc6c704,CELL_LINE,ACTIVE,LabB_MSP,3,3,true,false,FAIL
bio:cell_line:c604f884-43f2-4714-8f89-8379cd170003,CELL_LINE,ACTIVE,LabA_MSP,3,1,false,false,PASS
bio:plasmid:939c616e-0978-458b-84be-5407eb98e77b,PLASMID,ACTIVE,LabB_MSP,3,3,true,false,FAIL
bio:plasmid:584b1885-19cf-4405-9ae0-fd055109e14f,PLASMID,ACTIVE,LabA_MSP,3,1,false,true,FAIL
bio:cell_line:25e5c789-133e-45ac-ad89-d53690df3340,CELL_LINE,ACTIVE,LabB_MSP,3,1,true,false,FAIL
bio:cell_line:0f222613-c97c-4b92-8959-7ca79354e32f,CELL_LINE,ACTIVE,LabA_MSP,3,2,true,false,FAIL
bio:cell_line:5ac72107-6c02-4a8a-b3af-6cbad7c64846,CELL_LINE,ACTIVE,LabA_MSP,3,2,true,false,FAIL
bio:cell_line:90db4492-c1ea-42b6-b1aa-cab0b00aac70,CELL_LINE,ACTIVE,BioRepository_MSP,2,2,true,false,FAIL
bio:plasmid:488fe28c-edd5-46f5-a850-59a35d8d6aeb,PLASMID,ACTIVE,LabA_MSP,3,3,false,false,PASS
bio:plasmid:b76f6c95-1dc5-44a5-ae51-0ced567704bd,PLASMID,ACTIVE,LabB_MSP,3,1,true,false,FAIL
bio:plasmid:db8556e7-770a-49b4-b468-eacbe7017bb7,PLASMID,ACTIVE,LabA_MSP,3,1,true,false,FAIL
bio:cell_line:75ebbd4e-c2fa-4c8e-a7fe-72c5891924cc,CELL_LINE,ACTIVE,LabA_MSP,3,3,true,false,FAIL
bio:plasmid:8e35dd62-c62e-49c3-9b25-67669c411081,PLASMID,ACTIVE,BioRepository_MSP,3,3,true,false,FAIL
bio:cell_line:e89a1537-39cf-407c-b94f-08e1eb02e72f,CELL_LINE,ACTIVE,BioRepository_MSP,3,2,false,false,PASS
bio:plasmid:6f08a990-7ea5-4363-92a4-98fb3a5bf122,PLASMID,ACTIVE,LabB_MSP,3,1,true,false,FAIL
bio:plasmid:0dfa9468-0fd9-497c-90a9-506bd4044a67,PLASMID,ACTIVE,LabB_MSP,2,2,true,false,FAIL
bio:cell_line:1b3ea2fa-c212-45b5-8044-c219c360df9f,CELL_LINE,ACTIVE,LabB_MSP,3,3,true,false,FAIL
bio:cell_line:589478bd-d14d-46c9-aaca-d26e2a554818,CELL_LINE,ACTIVE,BioRepository_MSP,2,3,true,false,FAIL
bio:cell_line:f8285f82-c1fa-49e2-9e01-5d9c05d1208a,CELL_LINE,ACTIVE,BioRepository_MSP,2,2,true,false,FAIL
bio:cell_line:d6e25d33-dcc1-435c-99be-4cdcb9ee7b93,CELL_LINE,ACTIVE,LabB_MSP,2,3,true,false,FAIL
bio:cell_line:a923ddb5-0d14-4358-98f0-9c5d43254979,CELL_LINE,ACTIVE,LabA_MSP,2,2,false,false,PASS
bio:cell_line:a8c36ddb-b897-47b1-a12f-73a7135b7143,CELL_LINE,ACTIVE,LabB_MSP,3,3,true,false,FAIL
bio:plasmid:8d713893-c0cc-4759-8c91-31087e78e2ec,PLASMID,ACTIVE,LabA_MSP,3,1,true,false,FAIL
bio:plasmid:31c6a824-cd1a-4596-913e-774b1d7a260a,PLASMID,ACTIVE,LabA_MSP,2,1,true,false,FAIL
bio:cell_line:96144b7d-66c3-4237-af06-5096024612f1,CELL_LINE,ACTIVE,BioRepository_MSP,3,3,true,false,FAIL
bio:cell_line:43e3e334-4ac2-491b-811e-b6603421fe96,CELL_LINE,ACTIVE,LabA_MSP,3,3,true,false,FAIL
bio:cell_line:65077ae2-3cbf-44c9-a6af-fd943b1937db,CELL_LINE,ACTIVE,LabB_MSP,3,1,true,true,FAIL
bio:plasmid:82665e7b-fafd-40fa-b662-3a8b79ca9231,PLASMID,ACTIVE,LabB_MSP,2,1,true,false,FAIL
bio:cell_line:fdf58483-3656-4c8b-b5cb-15db6a72f64f,CELL_LINE,ACTIVE,BioRepository_MSP,3,2,true,false,FAIL
bio:plasmid:bd768680-8e22-4102-a659-99c2e0d882e8,PLASMID,ACTIVE,LabB_MSP,2,1,true,true,FAIL
bio:cell_line:a6c863aa-6679-446d-aaed-b221b924b515,CELL_LINE,ACTIVE,BioRepository_MSP,2,2,true,false,FAIL
bio:cell_line:c8be4d49-10e3-497c-8f29-139e587aa77e,CELL_LINE,ACTIVE,LabB_MSP,3,3,false,false,PASS
bio:cell_line:9dbc39a3-38d3-47c1-ac7a-ba8359f76e0b,CELL_LINE,ACTIVE,LabB_MSP,2,3,true,false,FAIL
bio:plasmid:181d37a7-6123-40e6-8f72-0c620e63d131,PLASMID,ACTIVE,LabB_MSP,2,1,true,false,FAIL
bio:cell_line:e86dbac8-85b9-43a2-9713-f971613fea15,CELL_LINE,ACTIVE,LabB_MSP,3,2,true,false,FAIL
bio:plasmid:298f139c-d896-4eae-b448-52f9ac73c746,PLASMID,ACTIVE,LabB_MSP,2,1,true,false,FAIL
bio:cell_line:151d187f-a069-4be4-9937-01ff498b1589,CELL_LINE,ACTIVE,LabA_MSP,2,2,true,false,FAIL
bio:cell_line:d1fea275-4e8a-4059-8b96-2b633294d557,CELL_LINE,ACTIVE,LabA_MSP,3,2,true,false,FAIL
bio:cell_line:cdc6c099-655a-4600-922e-09858a40905e,CELL_LINE,ACTIVE,BioRepository_MSP,3,3,true,false,FAIL
bio:cell_line:baff2b12-20f1-42f0-b72d-1c12ada81e84,CELL_LINE,ACTIVE,BioRepository_MSP,3,3,true,false,FAIL
bio:plasmid:91fd4804-cc3f-405e-8642-ee3d14346acb,PLASMID,ACTIVE,LabA_MSP,3,1,false,false,PASS
bio:cell_line:ec748206-65a9-4690-a073-cfdd423588cc,CELL_LINE,ACTIVE,LabA_MSP,2,3,false,false,PASS
bio:plasmid:bdef2f8d-cdbf-4d97-aa56-428cca4ebcf5,PLASMID,ACTIVE,LabA_MSP,2,3,false,false,PASS
bio:cell_line:81bc458b-da5d-4408-ba45-22e4180ecbed,CELL_LINE,ACTIVE,LabA_MSP,2,1,true,false,FAIL
bio:cell_line:18a36a30-8219-430b-8239-c0982bf823fd,CELL_LINE,ACTIVE,LabA_MSP,3,1,true,false,FAIL
bio:plasmid:f0d2eeca-242a-4115-9cfe-9286d1ccf657,PLASMID,ACTIVE,BioRepository_MSP,3,3,true,false,FAIL
bio:cell_line:7bb3cb90-30cb-4b75-b155-8cbbaaf7cd8c,CELL_LINE,ACTIVE,LabA_MSP,2,3,true,false,FAIL
bio:plasmid:50c9184a-b7db-4331-b8de-932741fadd01,PLASMID,ACTIVE,LabA_MSP,3,2,true,false,FAIL
bio:plasmid:e3e2be90-42e4-4db9-a686-75dafaf93ec2,PLASMID,ACTIVE,LabB_MSP,2,1,true,false,FAIL
bio:plasmid:6223805d-c23b-48fb-b3b7-4f8974a7aeb3,PLASMID,ACTIVE,LabA_MSP,2,3,true,false,FAIL
bio:cell_line:bc4a6910-db9c-4224-815e-2e252da1b2f2,CELL_LINE,ACTIVE,LabB_MSP,2,2,false,false,PASS
bio:plasmid:f1928ed4-b9e3-48e1-a5d3-ebf437c90fd5,PLASMID,ACTIVE,BioRepository_MSP,3,3,true,false,FAIL
bio:cell_line:555ae19f-85ee-43d1-8f6b-f57085143b0e,CELL_LINE,ACTIVE,LabA_MSP,2,1,true,false,FAIL
bio:cell_line:7656bc18-6ddb-46e1-8932-05cebef07666,CELL_LINE,ACTIVE,LabB_MSP,3,1,true,false,FAIL
bio:plasmid:6f64b68b-e5e5-46da-836e-6766970212e0,PLASMID,ACTIVE,LabB_MSP,2,1,true,false,FAIL
bio:cell_line:58698416-73af-4010-bc0f-2035fffcca98,CELL_LINE,ACTIVE,LabA_MSP,2,1,true,false,FAIL
bio:cell_line:b2fcb615-8222-4200-9648-5bc927b42d47,CELL_LINE,ACTIVE,BioRepository_MSP,3,3,true,false,FAIL
bio:cell_line:60f003ee-e9fa-4552-b76f-71084ef21f72,CELL_LINE,ACTIVE,LabB_MSP,2,2,true,false,FAIL
bio:cell_line:5184207f-5b9f-4395-85d7-d4b5115b892f,CELL_LINE,ACTIVE,LabB_MSP,2,3,true,false,FAIL
bio:cell_line:7c03fec4-d4a2-45fb-9229-4a5346024dc9,CELL_LINE,ACTIVE,BioRepository_MSP,2,2,true,true,FAIL
bio:cell_line:be535863-4cdb-4657-8ae4-937870072ac3,CELL_LINE,ACTIVE,BioRepository_MSP,2,3,false,false,PASS
bio:cell_line:ec899df9-e88a-46e9-a525-55c07526f3be,CELL_LINE,ACTIVE,LabA_MSP,3,1,true,false,FAIL
bio:cell_line:249092f2-1bb9-4b93-9ef2-d5ee9d84837e,CELL_LINE,ACTIVE,LabA_MSP,3,3,true,false,FAIL
bio:plasmid:b38019c2-e828-47da-800e-c6a2b8da1777,PLASMID,ACTIVE,LabA_MSP,3,2,true,true,FAIL
bio:cell_line:e9f7efce-1d61-4cff-8577-a05bfac629b4,CELL_LINE,ACTIVE,BioRepository_MSP,2,2,true,false,FAIL
bio:cell_line:7a5dc72c-851a-48c1-941e-5379dcaa558e,CELL_LINE,ACTIVE,LabA_MSP,2,1,true,false,FAIL
bio:cell_line:61268ef5-2e28-4d83-adbd-2b37ab3328d9,CELL_LINE,ACTIVE,BioRepository_MSP,3,2,true,false,FAIL
bio:cell_line:ee61333e-e8c9-4e69-968b-ac85f1c2c03e,CELL_LINE,ACTIVE,BioRepository_MSP,2,2,true,false,FAIL
bio:plasmid:64f8c854-53db-4aa3-a1a5-82e21832683d,PLASMID,ACTIVE,BioRepository_MSP,2,2,true,false,FAIL
bio:cell_line:08b1aa5c-4372-4bc0-87e9-1c917fbfc526,CELL_LINE,ACTIVE,LabB_MSP,3,1,true,false,FAIL
bio:cell_line:fbf13483-27eb-40bd-95b0-eddeba773e09,CELL_LINE,ACTIVE,LabB_MSP,2,2,true,false,FAIL
bio:cell_line:b7b46efd-ab38-46fa-8410-5282f2f303e9,CELL_LINE,ACTIVE,LabB_MSP,2,1,false,false,PASS
bio:cell_line:9aa3fa41-cb71-46be-8b57-291278e490cb,CELL_LINE,ACTIVE,LabA_MSP,2,1,true,false,FAIL
bio:cell_line:3f6382ca-f710-41a1-b307-5206bced9235,CELL_LINE,ACTIVE,LabA_MSP,2,1,true,false,FAIL
bio:plasmid:4cb521fa-d811-446d-901f-b4a5ccb77379,PLASMID,ACTIVE,LabB_MSP,2,1,true,false,FAIL
bio:plasmid:64272355-4463-4132-ab59-49886011ff55,PLASMID,ACTIVE,LabB_MSP,2,3,true,false,FAIL
bio:cell_line:eef35a50-9d18-4fc9-8658-24cdc9731537,CELL_LINE,ACTIVE,LabB_MSP,3,3,true,false,FAIL
bio:cell_line:ccfcca2c-8728-4918-addf-e6864e16918d,CELL_LINE,ACTIVE,LabB_MSP,3,1,true,false,FAIL
bio:cell_line:eaaeb123-6a54-428a-9358-e3e1d6dfeeef,CELL_LINE,ACTIVE,BioRepository_MSP,2,2,true,false,FAIL
bio:cell_line:051cca23-1b8d-4182-9499-624ea7230307,CELL_LINE,ACTIVE,LabB_MSP,3,3,true,false,FAIL
bio:plasmid:04251a76-0911-49dc-b50e-07ee5f41a9f7,PLASMID,ACTIVE,LabB_MSP,3,2,true,false,FAIL
bio:cell_line:8486ea81-d17c-4986-9aed-50ddabe5efc5,CELL_LINE,ACTIVE,LabA_MSP,3,3,true,false,FAIL
bio:cell_line:699bf844-4e9f-4cf2-ae9e-76a6affc2c2c,CELL_LINE,ACTIVE,LabA_MSP,2,2,false,false,PASS
bio:cell_line:b73a4b1e-fed5-41d4-8806-bbfef97d9bee,CELL_LINE,ACTIVE,LabA_MSP,3,3,true,false,FAIL
bio:cell_line:be3a33e5-ef75-4d93-b7a7-ad0ddaf03d6d,CELL_LINE,ACTIVE,LabA_MSP,2,3,true,false,FAIL
bio:cell_line:7e3da28b-76c2-44ae-a7c9-dc29a545bd36,CELL_LINE,ACTIVE,LabB_MSP,2,3,true,false,FAIL
bio:cell_line:46e3b81e-d274-4b69-b090-d074acf17fa3,CELL_LINE,ACTIVE,LabA_MSP,3,1,true,false,FAIL
bio:cell_line:f846ebdc-9015-479f-b4ff-d8e353c37760,CELL_LINE,ACTIVE,LabA_MSP,3,2,true,false,FAIL
bio:plasmid:2a948ff9-b1b8-4980-adca-04284da92a84,PLASMID,ACTIVE,BioRepository_MSP,3,2,true,false,FAIL
bio:cell_line:a4bdff1b-0b34-4a02-a617-3dd1e90edce9,CELL_LINE,ACTIVE,LabB_MSP,3,3,true,true,FAIL
bio:cell_line:d37b1ed4-237d-42b9-951a-bc31202090a5,CELL_LINE,ACTIVE,LabA_MSP,3,1,true,false,FAIL
bio:cell_line:d5f7c5eb-0bcc-4559-aaec-26112dfcb2b0,CELL_LINE,ACTIVE,LabA_MSP,2,1,true,false,FAIL
bio:cell_line:9e4bcef2-1a3a-4de1-bb9c-e65890525f7c,CELL_LINE,ACTIVE,LabA_MSP,2,3,true,false,FAIL
bio:cell_line:20c977bd-88c9-4cd3-8a5e-182255eb677c,CELL_LINE,ACTIVE,LabA_MSP,3,1,true,false,FAIL
bio:cell_line:07ccd916-5c5b-444d-95b4-d1d35f807a65,CELL_LINE,ACTIVE,LabA_MSP,3,1,true,false,FAIL
bio:cell_line:f8c11b00-778b-4784-ad4a-99a98268c1df,CELL_LINE,ACTIVE,LabB_MSP,3,3,true,false,FAIL
bio:plasmid:5057e85c-da26-41fd-968a-f810f011c6e0,PLASMID,ACTIVE,LabA_MSP,2,1,true,false,FAIL
bio:cell_line:11bef8d0-8818-495e-b3b7-9bed13d8f339,CELL_LINE,ACTIVE,BioRepository_MSP,2,2,true,false,FAIL
bio:plasmid:6135601a-772a-43eb-a121-a8b23b66158b,PLASMID,ACTIVE,LabB_MSP,2,2,true,false,FAIL
bio:plasmid:6b5f21cb-0fcd-4474-89d8-7c54dad7e3b1,PLASMID,ACTIVE,LabB_MSP,3,1,true,false,FAIL
bio:cell_line:c99b1e51-376d-44e4-9fcf-ed7cd62b412e,CELL_LINE,ACTIVE,LabA_MSP,2,1,true,false,FAIL
bio:plasmid:c7c2ed36-ab65-4c63-9b5f-b6e1f029cfd7,PLASMID,ACTIVE,BioRepository_MSP,2,2,true,false,FAIL
bio:plasmid:3cb7c6ff-bc7a-403f-87d1-f603dbbe1ab0,PLASMID,ACTIVE,BioRepository_MSP,2,2,true,false,FAIL
bio:cell_line:c4d51b7d-deaa-4af0-8428-95c47c4ad0db,CELL_LINE,ACTIVE,LabB_MSP,3,1,true,false,FAIL
bio:plasmid:e5922c53-bad2-4f9e-9566-0025597d2768,PLASMID,ACTIVE,LabA_MSP,2,3,true,false,FAIL
bio:cell_line:b45250c0-9b88-44d7-a774-09b44a71d7db,CELL_LINE,ACTIVE,LabB_MSP,3,1,true,false,FAIL
bio:cell_line:954cf96b-5b0c-42fe-9898-e370f7bc49d8,CELL_LINE,ACTIVE,LabA_MSP,3,1,true,true,FAIL
bio:cell_line:59bc4f97-1623-46ef-9cf8-e513e8c37d6e,CELL_LINE,ACTIVE,LabB_MSP,2,1,true,false,FAIL
bio:cell_line:7f9a90f6-c2f3-45e9-9a27-a194c83132c0,CELL_LINE,ACTIVE,LabB_MSP,3,1,true,false,FAIL
bio:cell_line:3bc8d0be-3e89-48c7-a6ec-f510f9957710,CELL_LINE,ACTIVE,LabA_MSP,2,1,true,false,FAIL
bio:cell_line:beb30171-606a-41b7-b1e0-1ea926330286,CELL_LINE,ACTIVE,LabA_MSP,2,3,true,false,FAIL
bio:plasmid:b8650871-12a9-49b8-8a84-ac7d93b68a1f,PLASMID,REVOKED,LabB_MSP,2,2,true,false,FAIL
bio:plasmid:9f720f0a-daf0-410d-b02a-3730fefa8fb5,PLASMID,ACTIVE,LabB_MSP,2,1,false,false,PASS
bio:cell_line:4a71445f-d70a-46d9-a55c-6509fc2f6e99,CELL_LINE,ACTIVE,LabB_MSP,2,2,true,false,FAIL
bio:cell_line:ddb196ef-78c9-45bd-a070-ef25ce37a6d4,CELL_LINE,ACTIVE,BioRepository_MSP,3,2,true,false,FAIL
bio:cell_line:5c8e75f2-21bd-4aa6-b2a7-b7e483e810f5,CELL_LINE,ACTIVE,BioRepository_MSP,2,2,true,false,FAIL
bio:plasmid:77b55486-096e-4d55-9382-35bcc2688542,PLASMID,ACTIVE,BioRepository_MSP,3,2,false,false,PASS
bio:cell_line:ea9df7cb-50c3-4f27-a39c-3e713b3f91a5,CELL_LINE,ACTIVE,LabB_MSP,2,2,true,true,FAIL
bio:plasmid:9d011cfa-252f-462a-a4e8-ead35d814b01,PLASMID,ACTIVE,LabA_MSP,2,2,true,false,FAIL
bio:cell_line:c9a8b46c-a920-4851-80f3-e510da7095b1,CELL_LINE,ACTIVE,LabA_MSP,2,1,false,false,PASS
bio:cell_line:fef518c9-215d-431f-8994-efa025b4c2ea,CELL_LINE,ACTIVE,BioRepository_MSP,3,2,true,false,FAIL
bio:cell_line:6441cbfe-8624-432f-8673-0a63dd504938,CELL_LINE,ACTIVE,LabA_MSP,2,1,true,false,FAIL
bio:plasmid:d4cbd71c-51fc-48f3-a56f-b1fe7968584c,PLASMID,ACTIVE,LabB_MSP,2,2,false,false,PASS
bio:plasmid:a216c722-7290-43cb-b801-4321d5b57b02,PLASMID,ACTIVE,LabB_MSP,3,1,true,false,FAIL
bio:plasmid:a31cccbd-968c-47f4-adf3-ec613da53c50,PLASMID,ACTIVE,LabA_MSP,2,2,true,false,FAIL
bio:cell_line:c653efae-b772-4e03-8736-76aa205d3b9e,CELL_LINE,ACTIVE,BioRepository_MSP,3,3,true,false,FAIL
bio:cell_line:48efd103-eee2-422f-921c-06133c9d4fe9,CELL_LINE,ACTIVE,LabA_MSP,2,3,true,false,FAIL
bio:cell_line:ca0af8c5-4634-4248-a80a-f9f6f9a41ba0,CELL_LINE,ACTIVE,BioRepository_MSP,2,3,false,false,PASS
bio:plasmid:393921e7-9dfa-4fe2-a785-28cf7bd781f3,PLASMID,ACTIVE,LabA_MSP,3,1,true,false,FAIL
bio:plasmid:06718051-acbc-4770-b5cc-615a552bb3b5,PLASMID,ACTIVE,LabB_MSP,2,1,true,false,FAIL
bio:cell_line:e6895252-82d7-45d4-a911-6e2564934e7f,CELL_LINE,ACTIVE,LabA_MSP,3,2,true,false,FAIL
bio:cell_line:593b3a8f-f927-4dec-bba7-a2cc799d562d,CELL_LINE,ACTIVE,LabB_MSP,3,3,true,false,FAIL
bio:cell_line:70c740ce-c23f-41a4-b04b-b43cb44fb034,CELL_LINE,ACTIVE,LabB_MSP,2,2,true,false,FAIL
bio:cell_line:2c818dc2-6c0e-4aa0-9bd7-50e7a6d7ac7c,CELL_LINE,ACTIVE,LabA_MSP,2,1,true,false,FAIL
bio:cell_line:a2919ba5-2961-4686-95a5-c862ae9e423a,CELL_LINE,ACTIVE,LabA_MSP,2,1,true,false,FAIL
bio:cell_line:316ab64c-c1a8-4343-b9b4-6993b04f85d7,CELL_LINE,ACTIVE,LabB_MSP,2,2,true,false,FAIL
bio:cell_line:e9b754ea-2726-471d-ad16-5a1aeecae726,CELL_LINE,ACTIVE,LabA_MSP,2,1,true,false,FAIL
bio:plasmid:cd56078d-8f4f-4e05-b23c-af553405529c,PLASMID,ACTIVE,BioRepository_MSP,2,2,true,false,FAIL
bio:cell_line:f176898e-5b02-4dce-96a4-05d9a912dc64,CELL_LINE,ACTIVE,LabB_MSP,2,1,true,false,FAIL
bio:cell_line:562293ff-b18d-407f-a12c-7961ea3eb11e,CELL_LINE,ACTIVE,LabA_MSP,2,1,true,false,FAIL
bio:cell_line:2ee8ee79-62ac-4c8d-a4fd-6e8f56186759,CELL_LINE,ACTIVE,LabA_MSP,3,2,true,true,FAIL
bio:cell_line:c24d5dcb-94bc-4f4a-b2f0-8b2bdcc44189,CELL_LINE,ACTIVE,BioRepository_MSP,2,2,true,false,FAIL
bio:cell_line:c1228ac9-48d5-4d61-b264-a3400f6da6f8,CELL_LINE,ACTIVE,LabA_MSP,3,1,true,false,FAIL
bio:plasmid:1d033a95-3727-4bb1-83b5-354031c2fd69,PLASMID,ACTIVE,LabA_MSP,2,1,true,false,FAIL
bio:cell_line:ea9c2842-ef29-4bab-ae24-b7b2dc853232,CELL_LINE,ACTIVE,LabA_MSP,3,1,true,false,FAIL
bio:cell_line:02b8991a-c6a3-450e-ae5a-7fb2d2a7c5b7,CELL_LINE,ACTIVE,LabB_MSP,2,3,true,false,FAIL
bio:cell_line:fefbd490-e519-4a8c-b311-a03d866888ab,CELL_LINE,ACTIVE,BioRepository_MSP,2,2,true,false,FAIL
bio:cell_line:667e8704-d167-41ca-8824-d7558216e6d5,CELL_LINE,ACTIVE,LabA_MSP,3,3,true,true,FAIL
bio:plasmid:512565d3-6607-40f3-a6f9-810586fa6cff,PLASMID,ACTIVE,LabA_MSP,2,2,true,false,FAIL
bio:plasmid:894f381c-d19e-4f1a-b6a1-a7b9289acf92,PLASMID,ACTIVE,LabA_MSP,3,1,true,false,FAIL
bio:cell_line:86ab2074-f0e8-4232-a73e-61b1eb8c42fc,CELL_LINE,ACTIVE,LabA_MSP,3,3,true,false,FAIL
bio:cell_line:3645c539-a9c2-4e50-aef8-0d927b484520,CELL_LINE,ACTIVE,LabA_MSP,2,1,false,false,PASS
bio:cell_line:e667ee63-16e7-4643-ad57-ef248dbf2321,CELL_LINE,ACTIVE,LabB_MSP,2,1,true,false,FAIL
bio:cell_line:b7a6e180-b9d3-4ce9-a788-f58c4ab5fe18,CELL_LINE,ACTIVE,LabA_MSP,3,3,true,false,FAIL
bio:cell_line:e31a611e-c729-47b7-928e-65b909de71e6,CELL_LINE,ACTIVE,LabA_MSP,2,1,true,false,FAIL
bio:plasmid:b8cfee72-18b1-4082-b35a-76ba45d6736d,PLASMID,ACTIVE,BioRepository_MSP,3,2,true,false,FAIL
bio:plasmid:214c00d2-8651-4118-b46d-1ccbddd7bc75,PLASMID,ACTIVE,LabA_MSP,2,1,true,false,FAIL
bio:cell_line:5f3fcdf4-01a7-4db3-9fb7-aca2f00a1a84,CELL_LINE,ACTIVE,BioRepository_MSP,2,2,true,false,FAIL
bio:cell_line:a9e6dd39-8ef0-45d4-a60e-e8baa1c5511a,CELL_LINE,ACTIVE,LabA_MSP,3,1,true,false,FAIL
bio:cell_line:4e33f4c5-d1aa-4002-9303-e6f58dbd4da0,CELL_LINE,ACTIVE,LabA_MSP,3,2,false,false,PASS
bio:cell_line:f5a5afa1-45ee-4d15-bca1-feb8f4d68c0e,CELL_LINE,ACTIVE,LabB_MSP,2,3,true,false,FAIL
bio:cell_line:84e20c76-ef0b-4c4c-9f21-862d736d42c2,CELL_LINE,ACTIVE,BioRepository_MSP,3,2,true,false,FAIL
bio:cell_line:e5e43c30-e028-4b19-9648-faf5c81cd6ef,CELL_LINE,ACTIVE,LabA_MSP,3,2,true,false,FAIL
bio:cell_line:3a63e192-99a2-414e-82cb-81f8ec3aad04,CELL_LINE,ACTIVE,LabB_MSP,2,2,true,false,FAIL
bio:cell_line:690fe93b-83ad-494d-b9a6-ba7645e6339d,CELL_LINE,ACTIVE,LabB_MSP,2,2,true,false,FAIL
bio:plasmid:2921a554-00c6-40db-98f3-873b5cd733c1,PLASMID,ACTIVE,BioRepository_MSP,3,2,true,false,FAIL
bio:cell_line:486ad120-9903-4384-a3ff-785778f03fc3,CELL_LINE,ACTIVE,LabB_MSP,2,3,false,false,PASS
bio:cell_line:24f63df2-243c-49c1-8d4e-23d4a50442c1,CELL_LINE,ACTIVE,LabA_MSP,2,1,true,true,FAIL
bio:cell_line:3029f6f2-2df0-4c64-812c-8ec59bbbed79,CELL_LINE,ACTIVE,LabA_MSP,2,2,false,false,PASS
bio:plasmid:032f3f00-c796-4334-a19a-f3578addb697,PLASMID,ACTIVE,LabB_MSP,2,3,true,false,FAIL
bio:cell_line:2ec0cf28-1bec-4338-a1a2-5476044465b6,CELL_LINE,ACTIVE,BioRepository_MSP,3,3,true,false,FAIL
bio:cell_line:47bab5fa-a58f-4120-9f13-931e85e7f981,CELL_LINE,ACTIVE,LabB_MSP,2,1,true,false,FAIL
bio:plasmid:d977de8e-bef8-467d-89f1-bdd05f86324d,PLASMID,ACTIVE,BioRepository_MSP,2,2,true,false,FAIL
bio:plasmid:71d99704-c79e-4658-9619-57500e0772e2,PLASMID,ACTIVE,LabA_MSP,2,1,true,false,FAIL
bio:cell_line:b6e28683-d601-4c0c-96ed-fe0bd35b7357,CELL_LINE,ACTIVE,LabB_MSP,3,1,true,false,FAIL
bio:plasmid:83439f3c-0630-4747-8b20-6d35df436e5d,PLASMID,REVOKED,BioRepository_MSP,2,2,true,false,FAIL
bio:cell_line:63cc106e-30f6-4551-b090-b58ebfbe0019,CELL_LINE,ACTIVE,LabA_MSP,3,3,true,false,FAIL
bio:plasmid:b83fe3df-3af1-48c3-9b0e-cf9e64b3a598,PLASMID,ACTIVE,BioRepository_MSP,2,3,true,false,FAIL
bio:cell_line:95544b69-f505-452c-b070-f0c40728abf6,CELL_LINE,ACTIVE,LabB_MSP,3,3,true,false,FAIL
bio:plasmid:998b46f7-8b1a-465b-82a5-f0d2c11768d8,PLASMID,ACTIVE,BioRepository_MSP,2,2,true,false,FAIL
bio:plasmid:31c779eb-0448-4819-bce6-f36cf7fa71fd,PLASMID,ACTIVE,LabB_MSP,3,1,true,false,FAIL
bio:cell_line:f695f17b-cdcd-41ae-b180-0e4ea2ad3177,CELL_LINE,ACTIVE,LabA_MSP,3,1,true,false,FAIL
bio:cell_line:91ad74ac-96c5-48d3-b28c-58f7d520f02c,CELL_LINE,ACTIVE,LabB_MSP,2,2,true,false,FAIL
bio:cell_line:5b7d68e9-7d2f-4dea-8dce-cee4971fad4a,CELL_LINE,ACTIVE,BioRepository_MSP,3,3,true,false,FAIL
bio:plasmid:1380178b-f177-4f99-96d1-f6cb8317f2d0,PLASMID,ACTIVE,LabA_MSP,3,1,true,false,FAIL
bio:cell_line:b6eb72d8-8b11-4ec5-9acd-1488b4e77ef4,CELL_LINE,ACTIVE,LabA_MSP,2,1,true,false,FAIL
bio:cell_line:8b3ef8f2-490e-453b-b6c5-363d30525a2d,CELL_LINE,ACTIVE,LabB_MSP,2,3,true,false,FAIL
bio:plasmid:5213f198-da02-475f-9f9f-5450172f5930,PLASMID,ACTIVE,LabA_MSP,3,2,true,false,FAIL
bio:cell_line:913bb6d1-8612-4651-a33e-1bf6b4d50dd1,CELL_LINE,ACTIVE,LabB_MSP,3,1,true,false,FAIL
bio:cell_line:da044e9a-b14c-4634-9ec2-ef95fef5cd17,CELL_LINE,ACTIVE,LabB_MSP,3,1,true,false,FAIL
bio:cell_line:9ed2ae8e-71e5-4e27-9ba9-a674900e2baf,CELL_LINE,ACTIVE,LabB_MSP,3,3,true,false,FAIL
bio:cell_line:b17aad5c-4918-48b9-b692-3507ef11dec5,CELL_LINE,ACTIVE,LabA_MSP,2,1,true,false,FAIL
bio:cell_line:be75140d-751b-49c2-9302-c62ece8d6430,CELL_LINE,ACTIVE,BioRepository_MSP,2,3,true,false,FAIL
bio:plasmid:3f0daeac-0e94-473a-9825-e7fc1ea7f296,PLASMID,ACTIVE,LabB_MSP,3,1,true,false,FAIL
bio:cell_line:478e76fd-88b3-4fbf-b3ec-3f8c7f875df7,CELL_LINE,ACTIVE,LabA_MSP,3,3,true,true,FAIL
bio:plasmid:958dae9f-a794-4f60-ad67-649eeab30ba5,PLASMID,ACTIVE,LabB_MSP,2,3,true,false,FAIL
bio:cell_line:392d93aa-fd17-41b4-8874-1838ee8c4891,CELL_LINE,ACTIVE,LabA_MSP,3,1,true,false,FAIL
bio:plasmid:2b205b95-8f7d-4d73-ac42-2f4ae0259922,PLASMID,ACTIVE,LabA_MSP,3,1,false,false,PASS
bio:cell_line:67564ebb-7adb-454b-9409-9533ca33a9ba,CELL_LINE,ACTIVE,LabB_MSP,2,3,true,false,FAIL
bio:cell_line:5e63d615-c33a-4429-8b12-99ed176dac6f,CELL_LINE,ACTIVE,LabB_MSP,2,3,true,false,FAIL
bio:cell_line:8599083d-90f6-4654-97fd-9022b269c041,CELL_LINE,ACTIVE,LabA_MSP,3,1,true,false,FAIL
bio:plasmid:6b4db437-0556-4692-a3ca-7ff68121aee5,PLASMID,ACTIVE,BioRepository_MSP,3,2,true,false,FAIL
bio:plasmid:aee50cc9-b7c4-45ba-8dbf-193105b41a66,PLASMID,ACTIVE,LabB_MSP,3,1,true,false,FAIL
bio:cell_line:da71b6eb-8181-4f1b-85ca-fa2be1b1db09,CELL_LINE,ACTIVE,LabA_MSP,3,3,true,true,FAIL
bio:plasmid:fb8ddc33-a8f1-449d-99ce-4f70c283ee29,PLASMID,ACTIVE,LabA_MSP,3,2,true,false,FAIL
bio:cell_line:9f8e7540-f8c6-411c-810b-807409b04e30,CELL_LINE,ACTIVE,LabB_MSP,2,2,true,true,FAIL
bio:cell_line:e68ff129-c31e-401c-861f-68adb22551b7,CELL_LINE,ACTIVE,LabB_MSP,3,1,true,false,FAIL
bio:cell_line:7d4244bf-3102-4d06-9197-78c779c240bc,CELL_LINE,ACTIVE,LabB_MSP,2,1,true,false,FAIL
bio:cell_line:3c1eba5a-4527-4c1f-bab9-32ef66146d9e,CELL_LINE,ACTIVE,LabB_MSP,2,3,true,false,FAIL
bio:plasmid:603cdc22-b86f-4184-9f99-983376a4c61d,PLASMID,ACTIVE,LabA_MSP,3,2,true,false,FAIL
bio:cell_line:cbe0fb13-9dbf-42c9-b49d-6cd4cb374708,CELL_LINE,ACTIVE,BioRepository_MSP,3,3,true,false,FAIL
bio:cell_line:c51d8135-e6cc-4ee2-b1f6-d7bd7a61a5d2,CELL_LINE,ACTIVE,LabA_MSP,3,1,true,false,FAIL
bio:cell_line:3f7f33a0-a98b-4463-b30b-79c41c237277,CELL_LINE,ACTIVE,LabB_MSP,2,3,true,false,FAIL
bio:cell_line:beb8b5fd-cbbf-4127-9571-c367264a5cd0,CELL_LINE,ACTIVE,LabA_MSP,2,1,true,false,FAIL
bio:cell_line:2b0fcf64-985e-433d-9ba2-ef75be4c855e,CELL_LINE,ACTIVE,LabA_MSP,2,1,true,false,FAIL
bio:cell_line:3c1f60cf-632f-4948-be99-34872a6ed18c,CELL_LINE,ACTIVE,BioRepository_MSP,3,3,true,false,FAIL
bio:cell_line:52f384e0-eae4-4520-8f14-2e1555ee73bd,CELL_LINE,ACTIVE,LabB_MSP,2,3,true,false,FAIL
bio:cell_line:e1f4f38b-f000-408f-a1ba-f92933f0cf0f,CELL_LINE,ACTIVE,LabB_MSP,3,2,true,false,FAIL
bio:plasmid:3171caf9-fc9b-450e-9377-48f9415ad0a4,PLASMID,ACTIVE,LabB_MSP,2,1,true,false,FAIL
bio:cell_line:38745872-c219-4015-a230-4d53ad9c0c22,CELL_LINE,ACTIVE,LabA_MSP,3,3,true,false,FAIL
bio:cell_line:3a742b20-8d41-4f78-81f4-70d67cae716c,CELL_LINE,ACTIVE,BioRepository_MSP,2,1,true,false,FAIL
bio:cell_line:4f379095-7ad8-4fd1-80f8-76c5dbe52209,CELL_LINE,ACTIVE,LabA_MSP,2,2,true,false,FAIL
bio:cell_line:7b9f1813-f19f-4819-9b0f-3e31ad1edf75,CELL_LINE,ACTIVE,BioRepository_MSP,3,2,true,false,FAIL
bio:plasmid:94afbf65-500a-4117-94af-37f6f2e86328,PLASMID,ACTIVE,BioRepository_MSP,3,2,true,false,FAIL
bio:cell_line:ae476de4-623d-4d01-8778-63569cdf0de4,CELL_LINE,ACTIVE,LabB_MSP,3,2,false,false,PASS
bio:cell_line:0382fef0-66aa-49a6-996f-6b34c00f1f80,CELL_LINE,ACTIVE,LabA_MSP,3,3,true,false,FAIL
bio:cell_line:d6919bad-0e14-49b0-9cb7-10cc9ead2695,CELL_LINE,ACTIVE,LabA_MSP,2,3,true,false,FAIL
bio:cell_line:1947ec3a-f55e-418c-95f7-bedbba4cc8a8,CELL_LINE,ACTIVE,LabB_MSP,2,1,true,false,FAIL
bio:cell_line:82a8f8c0-24a4-4f38-8b39-60820837e91f,CELL_LINE,ACTIVE,LabB_MSP,3,1,true,false,FAIL
bio:cell_line:f288a18e-586b-4cfd-bfd1-23ff0900ce7a,CELL_LINE,ACTIVE,LabB_MSP,3,2,false,false,PASS
bio:cell_line:c40f4574-3587-431b-bf83-de3e5376d93b,CELL_LINE,ACTIVE,LabB_MSP,2,3,true,false,FAIL
bio:plasmid:bab6824d-241f-4ad7-aa9f-90575dc5a497,PLASMID,ACTIVE,BioRepository_MSP,3,3,true,false,FAIL
bio:plasmid:8d14ac0f-d372-4703-bd89-63c49270ea5c,PLASMID,ACTIVE,LabB_MSP,3,1,true,false,FAIL
bio:cell_line:ea671af6-1d3f-4ea7-9419-c4c118e73777,CELL_LINE,ACTIVE,LabB_MSP,2,1,true,false,FAIL
bio:cell_line:731dbe11-4624-4f6f-adef-8482fb266f88,CELL_LINE,ACTIVE,LabB_MSP,2,2,true,false,FAIL
bio:cell_line:245c4510-7643-403a-bc1a-6d883a706b83,CELL_LINE,ACTIVE,LabB_MSP,3,1,true,false,FAIL
bio:cell_line:23e2d80c-630f-42ac-8f41-ee0e536d9573,CELL_LINE,ACTIVE,LabB_MSP,3,3,true,false,FAIL
bio:plasmid:10535198-2be7-4bf8-97eb-a7beaef6ea21,PLASMID,ACTIVE,LabA_MSP,3,3,true,false,FAIL
bio:cell_line:9ddfb939-f979-40f5-98d0-8de24c4ddb86,CELL_LINE,ACTIVE,LabB_MSP,2,1,true,false,FAIL
bio:cell_line:590a8f37-8f0c-4cbc-96e6-2668ecad432c,CELL_LINE,ACTIVE,LabA_MSP,2,3,true,false,FAIL
bio:cell_line:9db92b39-4199-48e5-871f-8c897c6774f0,CELL_LINE,ACTIVE,LabB_MSP,2,3,true,false,FAIL
bio:cell_line:4a1a085e-b45f-437d-b935-9f3ab2e782ca,CELL_LINE,ACTIVE,LabA_MSP,2,2,true,false,FAIL
bio:cell_line:0f0c2efc-b478-46ad-a65f-6eddbdfeb94a,CELL_LINE,ACTIVE,LabA_MSP,3,1,true,false,FAIL
bio:cell_line:bebb8423-dcfd-46cd-bbc4-473b60730c82,CELL_LINE,ACTIVE,BioRepository_MSP,3,3,false,false,PASS
bio:cell_line:7de0a2e1-c55d-46d7-b54f-dc66b6fbc9cb,CELL_LINE,ACTIVE,LabA_MSP,2,1,false,false,PASS
bio:cell_line:3c73119b-2226-4368-9801-4b7c0e3c68e2,CELL_LINE,ACTIVE,LabA_MSP,2,3,true,false,FAIL
bio:cell_line:ed6a067b-46ae-46b2-937f-1cae4a3dcf47,CELL_LINE,ACTIVE,BioRepository_MSP,2,2,true,false,FAIL
bio:cell_line:e25c8da8-91ba-4e4c-9d37-0a301c813719,CELL_LINE,ACTIVE,LabB_MSP,3,1,true,false,FAIL
bio:cell_line:4b17f559-cd02-441a-9e9a-ca3423f786fa,CELL_LINE,ACTIVE,LabA_MSP,3,3,true,false,FAIL
bio:cell_line:f4d06f77-d8ae-4ac0-ba7f-7ad1b3846804,CELL_LINE,ACTIVE,LabB_MSP,2,1,false,false,PASS
bio:cell_line:2531a583-636d-4f8f-b939-301baca1b0cc,CELL_LINE,ACTIVE,LabB_MSP,2,2,true,false,FAIL
bio:plasmid:cdbf594c-df35-44ea-9fd2-ea9f401b6fa3,PLASMID,ACTIVE,BioRepository_MSP,3,3,true,false,FAIL
bio:cell_line:e6757bf1-e8d3-4281-8a37-b242c02e56d0,CELL_LINE,ACTIVE,LabA_MSP,3,1,true,false,FAIL
bio:cell_line:fef5552d-9bfe-4aeb-b315-69d945514085,CELL_LINE,ACTIVE,LabB_MSP,3,2,true,false,FAIL
bio:cell_line:5d93b7b2-174b-4c4f-8dcc-8f5687f177ba,CELL_LINE,ACTIVE,BioRepository_MSP,2,3,true,false,FAIL
bio:cell_line:053bc278-bad5-49ac-b665-273a045814cb,CELL_LINE,ACTIVE,LabA_MSP,3,3,true,false,FAIL
bio:cell_line:2e0aeb5b-f25f-4c2c-be2f-7d3e47620574,CELL_LINE,ACTIVE,LabB_MSP,2,3,true,false,FAIL
bio:cell_line:46a0f06f-5548-4dcd-90d9-5c1617fc232f,CELL_LINE,ACTIVE,BioRepository_MSP,3,2,true,false,FAIL
bio:cell_line:7b3fee6b-e89d-4a3c-8018-fb8b133aac5d,CELL_LINE,ACTIVE,LabA_MSP,2,1,true,false,FAIL
bio:cell_line:3f657572-8e20-4272-b28d-abfe51157710,CELL_LINE,ACTIVE,LabA_MSP,2,3,true,true,FAIL
bio:plasmid:ec1a9459-51b8-4e6a-b72b-591c09e42ff3,PLASMID,ACTIVE,LabA_MSP,3,2,true,false,FAIL
bio:cell_line:44a58695-b267-409c-9b4b-ad47c1666267,CELL_LINE,ACTIVE,LabB_MSP,2,3,true,false,FAIL
bio:cell_line:45727b26-77f3-4ac2-8f84-737f5a09c987,CELL_LINE,ACTIVE,LabA_MSP,3,3,false,false,PASS
bio:cell_line:5731be6a-ff4f-49ad-96b3-1206228996a4,CELL_LINE,ACTIVE,LabB_MSP,3,3,false,false,PASS
bio:cell_line:12721df7-916e-4059-83bb-22d7a9a7da1f,CELL_LINE,ACTIVE,LabB_MSP,3,1,true,false,FAIL
bio:cell_line:5bb640e5-b302-43eb-83ac-3a82daebad7d,CELL_LINE,ACTIVE,LabA_MSP,3,1,false,false,PASS
bio:cell_line:118598dd-3d55-4699-9a41-52a5158d6126,CELL_LINE,ACTIVE,LabA_MSP,2,1,true,false,FAIL
bio:cell_line:625c10f1-156d-481e-9af7-4a730ec2edf4,CELL_LINE,ACTIVE,BioRepository_MSP,3,3,true,false,FAIL
bio:cell_line:131ac761-c6c5-477a-b94e-4b79cb969510,CELL_LINE,ACTIVE,BioRepository_MSP,2,3,false,false,PASS
bio:cell_line:3ce62a0a-3c62-481e-b8c6-ad4f2d20cff9,CELL_LINE,ACTIVE,BioRepository_MSP,3,2,true,false,FAIL
bio:cell_line:af4fb6f9-5b36-43a3-96ef-bb76adec6e03,CELL_LINE,ACTIVE,LabA_MSP,3,1,true,false,FAIL
bio:cell_line:39094a0d-016a-4744-9ea8-996295e45dca,CELL_LINE,ACTIVE,BioRepository_MSP,2,2,false,false,PASS
bio:cell_line:ffcb33a0-e1b2-437e-ab07-5f2795692043,CELL_LINE,ACTIVE,BioRepository_MSP,3,3,true,false,FAIL
bio:cell_line:1a25f36e-9ba5-4095-b9c0-95ad744ce53d,CELL_LINE,ACTIVE,LabB_MSP,2,1,true,false,FAIL
bio:cell_line:0becc4aa-9bdc-4df5-853d-915873c1c3a8,CELL_LINE,ACTIVE,LabA_MSP,3,2,true,false,FAIL
bio:cell_line:5d97b217-11a6-4ca7-9ea5-b8d3ec3e2072,CELL_LINE,ACTIVE,LabA_MSP,2,1,true,false,FAIL
bio:cell_line:681118ea-f0c9-475a-a769-d92c250021d5,CELL_LINE,ACTIVE,LabB_MSP,3,1,true,false,FAIL
bio:cell_line:dacffd35-be12-4fc7-8cba-dacb99fcccdd,CELL_LINE,ACTIVE,BioRepository_MSP,2,2,true,false,FAIL
bio:cell_line:aae9331c-949b-4774-9de9-25a1db3c7630,CELL_LINE,ACTIVE,LabA_MSP,2,1,true,false,FAIL
bio:plasmid:683b59d4-d8e2-4e97-99c8-642cdc6eda63,PLASMID,ACTIVE,LabB_MSP,3,1,true,false,FAIL
bio:cell_line:6ae8026a-0e25-4093-ba2b-45cd9dcc4745,CELL_LINE,ACTIVE,LabB_MSP,3,3,true,false,FAIL
bio:cell_line:ff7c58d2-4186-4c6f-a7ed-f581d8ad6017,CELL_LINE,ACTIVE,BioRepository_MSP,3,2,true,false,FAIL
bio:cell_line:b42906cb-2ba9-4337-a3b6-eb952bf895a5,CELL_LINE,ACTIVE,LabB_MSP,2,1,false,false,PASS
bio:cell_line:d02124c6-643c-4ad1-96c8-1ea30cfbd8c0,CELL_LINE,ACTIVE,LabB_MSP,2,3,true,false,FAIL
bio:cell_line:80eb0e17-5232-4d20-adc6-5e05e9688be8,CELL_LINE,ACTIVE,LabA_MSP,3,3,true,false,FAIL
bio:plasmid:ffc290ee-d154-4ada-bfbd-aae9707b3ead,PLASMID,ACTIVE,LabA_MSP,2,2,true,false,FAIL
bio:plasmid:eec6783d-c2ea-424f-9abf-86c396555f2f,PLASMID,ACTIVE,LabB_MSP,2,1,true,false,FAIL
bio:cell_line:7b0b4b92-40d0-4fb5-9809-a935f5429f21,CELL_LINE,ACTIVE,LabB_MSP,2,1,true,false,FAIL
bio:plasmid:a6ac9a28-c45e-4a3a-a1e8-17eb14830e33,PLASMID,ACTIVE,LabB_MSP,3,1,true,false,FAIL
bio:cell_line:f1341c6b-5aec-444a-9b11-b1d13e5ba3eb,CELL_LINE,ACTIVE,BioRepository_MSP,3,3,true,false,FAIL
bio:cell_line:053fab75-7b1d-4d93-a33f-903c0cdf5a1d,CELL_LINE,ACTIVE,BioRepository_MSP,3,2,true,false,FAIL
bio:plasmid:9071e511-5249-4268-8222-40f0bf1dc26f,PLASMID,ACTIVE,LabB_MSP,2,3,true,true,FAIL
bio:plasmid:216e2eac-f0c1-4a5b-b68d-523cc058aef9,PLASMID,ACTIVE,LabB_MSP,3,3,false,false,PASS
bio:cell_line:53083323-f14f-423a-a820-5933fdd3a321,CELL_LINE,ACTIVE,LabA_MSP,2,1,true,false,FAIL
bio:cell_line:5c7bc0aa-69b2-4470-a7e6-25c79bb4ebec,CELL_LINE,ACTIVE,LabA_MSP,2,1,true,false,FAIL
bio:plasmid:65ab2117-39a9-4ca7-a05d-31224c1605fd,PLASMID,ACTIVE,LabA_MSP,2,3,true,false,FAIL
bio:plasmid:3ccd5e8f-cac3-4616-80cb-fd34e55cb46c,PLASMID,ACTIVE,LabA_MSP,3,1,true,false,FAIL
bio:cell_line:b45ef26b-3c50-485f-9ff8-3bd77f410e33,CELL_LINE,ACTIVE,BioRepository_MSP,3,3,false,false,PASS
bio:cell_line:74c9a782-c22a-42e6-acbb-e8545f4af0d5,CELL_LINE,ACTIVE,LabB_MSP,3,2,true,false,FAIL
bio:plasmid:cdeb9a74-eb1b-4e61-95be-ba039a41ceba,PLASMID,ACTIVE,LabA_MSP,2,3,true,false,FAIL
bio:plasmid:4b31eb42-663d-4593-8040-60748b27fbd7,PLASMID,ACTIVE,LabB_MSP,2,2,true,false,FAIL
bio:plasmid:65cd478f-1000-42bb-9ad3-010ef9526a25,PLASMID,ACTIVE,LabA_MSP,2,1,true,false,FAIL
bio:cell_line:1797873d-c182-4fa2-adeb-4436301a3ee7,CELL_LINE,ACTIVE,LabA_MSP,3,2,true,false,FAIL
bio:cell_line:ba3e09b5-986f-44b1-94ac-67421dd40d05,CELL_LINE,ACTIVE,LabB_MSP,2,3,true,false,FAIL
bio:cell_line:0b8961c5-f3ff-4bf7-9415-db048cecb6c0,CELL_LINE,ACTIVE,LabB_MSP,3,1,true,false,FAIL
bio:plasmid:e62403b4-905d-409d-bbb8-618ce1692bb4,PLASMID,ACTIVE,LabA_MSP,2,3,true,false,FAIL
bio:cell_line:4944140e-c718-4f39-bf50-d435b450d2a2,CELL_LINE,ACTIVE,BioRepository_MSP,3,2,true,false,FAIL
bio:plasmid:a51cb5b7-351b-434c-94b2-09abe87067b7,PLASMID,ACTIVE,LabA_MSP,2,1,true,false,FAIL
bio:cell_line:7f1226e0-0426-4c53-b5ee-c9ea1806960a,CELL_LINE,ACTIVE,BioRepository_MSP,3,2,false,false,PASS
bio:cell_line:995fd80f-27e7-4d5a-9e37-d310c698058b,CELL_LINE,ACTIVE,LabB_MSP,2,1,true,false,FAIL
bio:cell_line:16dd2051-8a7e-4484-bcc0-38db2bea6b83,CELL_LINE,ACTIVE,LabA_MSP,3,1,true,false,FAIL
bio:cell_line:f6a9c942-b54e-4469-92a8-bd22bd8fd184,CELL_LINE,ACTIVE,LabA_MSP,2,2,true,false,FAIL
bio:cell_line:6435a813-4930-4fd6-8c11-3edf36f88b6a,CELL_LINE,ACTIVE,BioRepository_MSP,3,3,true,false,FAIL
bio:cell_line:5f56ce42-cf61-41be-ad67-bb93e77ae8b2,CELL_LINE,ACTIVE,LabB_MSP,2,1,true,false,FAIL
bio:cell_line:0ebbccd5-ff89-4232-8c96-7ce88af22696,CELL_LINE,ACTIVE,BioRepository_MSP,2,2,true,false,FAIL
bio:cell_line:3d61e6ce-b7f2-4fc6-907a-22dcbfb0342a,CELL_LINE,ACTIVE,LabB_MSP,3,1,true,false,FAIL
bio:plasmid:9dc66d12-be3f-4caa-9be9-570ddf3ab829,PLASMID,ACTIVE,LabB_MSP,2,1,true,true,FAIL
bio:cell_line:f25a222d-82dd-423b-88a5-fd27ae59cc33,CELL_LINE,ACTIVE,BioRepository_MSP,2,3,true,false,FAIL
bio:cell_line:18ac1477-05fc-463e-a394-dea66b864a5e,CELL_LINE,ACTIVE,LabA_MSP,3,1,true,false,FAIL
bio:plasmid:f67bcf5f-6efc-4eea-b47a-397451f82cd3,PLASMID,ACTIVE,LabA_MSP,3,3,true,false,FAIL
bio:cell_line:99d98bee-518b-465d-87a0-daff032dfc5a,CELL_LINE,ACTIVE,LabB_MSP,2,1,true,false,FAIL
bio:plasmid:66817d1c-da56-48b7-bfab-bb2a99bcabd7,PLASMID,ACTIVE,BioRepository_MSP,3,2,true,false,FAIL
bio:cell_line:e4a3cb05-2c1c-41f2-a44d-28f77a03bd83,CELL_LINE,ACTIVE,LabB_MSP,3,1,true,false,FAIL
bio:cell_line:74f3f262-a45e-41f5-829a-9611dcc230fd,CELL_LINE,ACTIVE,LabA_MSP,3,2,true,false,FAIL
bio:cell_line:cd66e7cb-5905-47ea-97c4-fc53621dac4a,CELL_LINE,ACTIVE,LabB_MSP,3,1,true,false,FAIL
bio:cell_line:ad3f8e01-d17f-4d5c-a667-0398c64a4c2e,CELL_LINE,ACTIVE,LabA_MSP,3,3,true,false,FAIL
bio:cell_line:13e99925-67b4-4464-9fb0-e6bc81befdbd,CELL_LINE,ACTIVE,LabA_MSP,2,1,true,false,FAIL
bio:cell_line:34a8f8f9-82f9-4d7e-ac0c-dcc0092d4cfb,CELL_LINE,ACTIVE,LabB_MSP,3,1,false,false,PASS
bio:cell_line:52a09b81-32be-4d0b-95d7-4a4a06dc7328,CELL_LINE,ACTIVE,BioRepository_MSP,3,2,true,false,FAIL
bio:plasmid:553741bc-6614-4dbf-ad21-485fca170daa,PLASMID,ACTIVE,LabA_MSP,2,1,true,false,FAIL
bio:cell_line:976f53e6-055e-41b0-9267-4afca30f898f,CELL_LINE,ACTIVE,LabA_MSP,2,1,true,false,FAIL
bio:plasmid:850dc02d-fffc-4184-a8ac-56217f69839f,PLASMID,ACTIVE,LabA_MSP,3,1,true,false,FAIL
bio:plasmid:53ddf4a8-3c4d-4f4b-a702-e1dc3cd1fb60,PLASMID,ACTIVE,BioRepository_MSP,2,2,true,false,FAIL
bio:plasmid:eca60bc3-5333-481c-884d-7e8a302e40a0,PLASMID,ACTIVE,BioRepository_MSP,3,2,true,false,FAIL
bio:cell_line:b789a82b-03f1-4b01-bfa8-3e18143e7836,CELL_LINE,ACTIVE,LabB_MSP,2,1,true,false,FAIL
bio:plasmid:4d52a0a6-652b-4d13-989d-8573c1d9843d,PLASMID,ACTIVE,BioRepository_MSP,2,2,true,false,FAIL
bio:plasmid:d4473383-aaba-4984-b7da-e8daf55bdb6e,PLASMID,ACTIVE,BioRepository_MSP,2,2,true,false,FAIL
bio:cell_line:7f3ce508-6432-49e2-8f03-9eb4ec756aeb,CELL_LINE,ACTIVE,LabA_MSP,3,2,true,false,FAIL
bio:cell_line:2e1e28a8-ec77-46a4-9ff9-9fa8bf5aacdc,CELL_LINE,ACTIVE,LabA_MSP,2,1,false,false,PASS
bio:cell_line:cfe08c80-aa4c-49ea-b3cc-200f9e2a7ad0,CELL_LINE,ACTIVE,LabA_MSP,3,2,false,false,PASS
bio:cell_line:a1ed312e-2378-4b52-94f6-8ed2744ba5bd,CELL_LINE,ACTIVE,LabA_MSP,2,1,true,true,FAIL
bio:cell_line:d2114f7c-39ca-4e49-be6b-065b8440a661,CELL_LINE,ACTIVE,LabA_MSP,2,3,true,false,FAIL
bio:plasmid:e7c27f10-a3ae-4aae-a21e-1312e65d3657,PLASMID,ACTIVE,LabB_MSP,2,1,true,true,FAIL
bio:plasmid:2535e3cc-939d-4dbf-9a95-9b4d9d0b776c,PLASMID,ACTIVE,LabA_MSP,2,1,true,false,FAIL
bio:plasmid:7eb8bb72-9546-454d-a0f8-1e544eb83003,PLASMID,ACTIVE,LabA_MSP,3,2,true,false,FAIL
bio:cell_line:4f294e80-33d9-41f8-ad99-3dc4e68e06e9,CELL_LINE,ACTIVE,BioRepository_MSP,3,3,false,false,PASS
bio:cell_line:5764a89d-ea23-4742-9cd9-e6f2b2e3493a,CELL_LINE,ACTIVE,LabA_MSP,2,2,true,true,FAIL
bio:cell_line:08701d7c-4ddf-4300-88b7-df2a430dc972,CELL_LINE,ACTIVE,LabB_MSP,3,2,true,false,FAIL
bio:cell_line:adac69c5-ee1c-4d2c-91ec-3bf1565fd001,CELL_LINE,ACTIVE,LabA_MSP,3,3,true,false,FAIL
bio:cell_line:12f90f29-0d2a-43b1-a247-ff4b669e640f,CELL_LINE,ACTIVE,BioRepository_MSP,2,2,true,false,FAIL
bio:cell_line:7a273ad1-197c-446f-9bd4-8f919d21017c,CELL_LINE,ACTIVE,LabB_MSP,2,3,true,false,FAIL
bio:cell_line:f690e0b2-e70c-4af3-b354-8939bcfb0b16,CELL_LINE,ACTIVE,LabA_MSP,2,2,true,false,FAIL
bio:plasmid:12783e01-4019-45b1-809c-437e4f59b093,PLASMID,ACTIVE,BioRepository_MSP,3,3,true,false,FAIL
bio:cell_line:0976d39b-7807-4dbe-917a-ceb46793e12b,CELL_LINE,ACTIVE,LabA_MSP,3,3,true,true,FAIL
bio:cell_line:416c4b46-02f3-480e-b44d-3149cd61703f,CELL_LINE,ACTIVE,BioRepository_MSP,2,3,true,false,FAIL
bio:cell_line:7d2b4817-0544-4af7-b56f-b41d923fdd7d,CELL_LINE,ACTIVE,BioRepository_MSP,2,2,true,false,FAIL
bio:cell_line:955a42f9-c5b9-4869-b13c-4adae355be04,CELL_LINE,ACTIVE,BioRepository_MSP,3,3,true,false,FAIL
bio:cell_line:04aa37e1-0cfa-4136-8c39-5581abd4b86b,CELL_LINE,ACTIVE,LabB_MSP,3,2,true,false,FAIL
bio:cell_line:818babbc-6a1c-41a8-8a3a-9a6834e7aeae,CELL_LINE,ACTIVE,LabB_MSP,3,3,true,false,FAIL
bio:plasmid:7b78be3d-a402-4d07-8370-c7a8e880eca3,PLASMID,ACTIVE,LabB_MSP,2,1,false,false,PASS
bio:cell_line:5f78676d-4e5d-4c50-9b52-d088e80a5638,CELL_LINE,ACTIVE,LabB_MSP,2,1,true,true,FAIL
bio:plasmid:104b1584-cf55-48bc-9aed-cc339d710e38,PLASMID,ACTIVE,BioRepository_MSP,2,3,true,false,FAIL
bio:cell_line:9ae4f73d-c56c-46a5-aaa3-ebcaf7d50604,CELL_LINE,ACTIVE,LabA_MSP,2,2,true,false,FAIL
bio:plasmid:5f0ab004-38d9-4e59-b092-4aaa8b215339,PLASMID,ACTIVE,LabA_MSP,3,1,true,false,FAIL
bio:cell_line:33635184-63ce-47c8-b257-14c9945e6281,CELL_LINE,ACTIVE,LabB_MSP,3,1,true,false,FAIL
bio:cell_line:cf8de2bf-f3e3-44aa-8691-cd1518d6f526,CELL_LINE,ACTIVE,LabA_MSP,2,2,true,false,FAIL
bio:cell_line:793a347f-ab07-466b-ac33-00c518be1384,CELL_LINE,ACTIVE,LabB_MSP,2,3,false,false,PASS
bio:cell_line:2af65bff-7b78-4968-8222-4f141541ddd1,CELL_LINE,ACTIVE,LabA_MSP,2,2,true,false,FAIL
bio:cell_line:cd3ede79-d697-4935-95e6-713714161984,CELL_LINE,ACTIVE,LabA_MSP,3,1,true,false,FAIL
bio:cell_line:53c69bd6-3bd8-4934-b5a0-0b2c7809be8e,CELL_LINE,ACTIVE,LabA_MSP,2,1,true,false,FAIL
bio:cell_line:eee1567e-8452-40a5-a000-c0c72eabf627,CELL_LINE,ACTIVE,LabB_MSP,2,3,true,false,FAIL
bio:cell_line:49874583-d8df-4581-b06e-20106f1a8a69,CELL_LINE,ACTIVE,LabB_MSP,2,3,true,false,FAIL
bio:plasmid:8a79b9d7-748e-48f5-82e5-112329bc4db8,PLASMID,ACTIVE,BioRepository_MSP,2,1,true,false,FAIL
bio:cell_line:2ae77408-5ef2-49c7-9528-4a3de2769b06,CELL_LINE,ACTIVE,LabA_MSP,3,2,true,false,FAIL
bio:plasmid:41630425-d1be-4930-a2b8-1ff076e9405f,PLASMID,ACTIVE,LabA_MSP,3,2,true,false,FAIL
bio:cell_line:1b8ae1d0-3a9f-422e-a9d6-abbf6cd3ab4f,CELL_LINE,ACTIVE,LabA_MSP,3,3,true,false,FAIL
bio:cell_line:e7b0f32d-a217-49c3-8bc2-ab7e47c488c9,CELL_LINE,ACTIVE,LabA_MSP,2,2,true,false,FAIL
bio:cell_line:14317844-c0c2-4756-9557-32fbfd120951,CELL_LINE,ACTIVE,LabA_MSP,2,3,true,false,FAIL
bio:cell_line:2a5a0e60-6240-40b4-bad5-46d0d244a1fc,CELL_LINE,ACTIVE,LabB_MSP,3,1,true,true,FAIL
bio:plasmid:d53fd219-4de3-4c99-8ed3-cc73bc80997b,PLASMID,ACTIVE,LabB_MSP,2,1,true,false,FAIL
bio:plasmid:ea094016-75ac-4817-bbd2-c6ffbe96e45d,PLASMID,ACTIVE,LabB_MSP,3,3,true,false,FAIL
bio:cell_line:8f32e455-f6bb-41a1-9615-ad9bb6751f94,CELL_LINE,ACTIVE,LabB_MSP,3,1,true,false,FAIL
bio:plasmid:c9e278dc-448a-4977-9f0a-6a1bb814b762,PLASMID,ACTIVE,LabB_MSP,3,1,true,false,FAIL
bio:plasmid:9103c64b-4a10-44d0-94a7-aba1e743663d,PLASMID,ACTIVE,LabB_MSP,3,3,true,false,FAIL
bio:cell_line:f1536a37-2032-4e5a-85bd-e9c543e41ba1,CELL_LINE,ACTIVE,LabB_MSP,3,2,true,false,FAIL
bio:cell_line:b2ef1493-669e-48f1-ba2b-66e0fee92507,CELL_LINE,ACTIVE,BioRepository_MSP,2,3,true,false,FAIL
bio:cell_line:45248fd0-5d0f-4b59-b720-6cfcdceb17be,CELL_LINE,ACTIVE,BioRepository_MSP,3,2,true,false,FAIL
bio:cell_line:0799da3a-cb59-4abd-8c09-bcd12973d6b5,CELL_LINE,ACTIVE,BioRepository_MSP,3,3,true,false,FAIL
bio:plasmid:edcc3e42-e204-4d0d-9ef4-1d340af02233,PLASMID,ACTIVE,LabA_MSP,2,3,true,false,FAIL
bio:cell_line:ca77db5d-3089-4eb7-8a23-e5b5bdcb3012,CELL_LINE,ACTIVE,LabB_MSP,2,1,true,false,FAIL
bio:plasmid:ca18794a-3ef0-482a-9d50-c0bef5f00125,PLASMID,ACTIVE,BioRepository_MSP,3,3,true,false,FAIL
bio:cell_line:59d8842c-8e69-4166-be35-a4bafca07520,CELL_LINE,ACTIVE,BioRepository_MSP,2,1,true,false,FAIL
bio:cell_line:ccf5f2c4-a7ed-4179-b2be-1db164dc1cd7,CELL_LINE,ACTIVE,BioRepository_MSP,2,2,true,false,FAIL
bio:cell_line:cce6804d-0f08-46c1-a515-04a8bdee1657,CELL_LINE,ACTIVE,BioRepository_MSP,3,2,true,false,FAIL
bio:cell_line:9fd86874-899e-4108-b3d8-c6febb1a38cb,CELL_LINE,ACTIVE,LabB_MSP,3,3,true,true,FAIL
bio:cell_line:6ce0b06f-1f24-4d69-8e3d-29e41ce28cac,CELL_LINE,ACTIVE,BioRepository_MSP,2,3,true,false,FAIL
bio:cell_line:bedc826e-892b-4458-97cd-08a499a14d70,CELL_LINE,ACTIVE,LabB_MSP,2,1,true,false,FAIL
bio:cell_line:bfdf07bc-2d56-466d-a3aa-59bb9fe79ac8,CELL_LINE,ACTIVE,LabB_MSP,3,2,true,false,FAIL
bio:cell_line:d29ba7f4-03a6-43cc-97ba-ebad6e916572,CELL_LINE,ACTIVE,LabB_MSP,3,1,true,false,FAIL
bio:cell_line:5cdde670-e90f-4685-b248-24a9c8cada76,CELL_LINE,ACTIVE,BioRepository_MSP,3,3,false,false,PASS
bio:cell_line:d90a05ba-0bf9-4117-bb13-a1a30fcf1418,CELL_LINE,ACTIVE,LabA_MSP,3,1,true,false,FAIL
bio:cell_line:e094d1ea-092d-429b-b891-2d9cfa1097ca,CELL_LINE,ACTIVE,BioRepository_MSP,3,2,true,false,FAIL
bio:plasmid:3c446a3d-07b0-4bb5-b44d-c929baa3c635,PLASMID,ACTIVE,LabA_MSP,2,2,true,false,FAIL
bio:cell_line:5ae5386c-8078-481c-9b6e-50674153a376,CELL_LINE,ACTIVE,LabA_MSP,3,1,true,false,FAIL
bio:cell_line:b4893e35-c0c4-4002-a98d-5e7c8d0139ef,CELL_LINE,ACTIVE,BioRepository_MSP,3,3,true,false,FAIL
bio:cell_line:36977fad-4743-4b2a-9ef4-25d76c42d350,CELL_LINE,ACTIVE,BioRepository_MSP,3,2,true,false,FAIL
bio:cell_line:d143632a-7f17-44ec-8a70-f13449fd418a,CELL_LINE,ACTIVE,LabA_MSP,2,3,true,false,FAIL
bio:cell_line:a3d0f008-635a-499d-b5b7-1b041cb54145,CELL_LINE,ACTIVE,BioRepository_MSP,3,2,true,false,FAIL
bio:cell_line:45dfdb6f-e889-45dc-a572-7bc0968bf47e,CELL_LINE,ACTIVE,LabA_MSP,2,1,true,true,FAIL
bio:cell_line:0d442428-21a2-4684-b4cb-7924ba82dcc9,CELL_LINE,ACTIVE,LabA_MSP,2,2,true,false,FAIL
bio:cell_line:00c1b7f4-9d95-4b57-bafb-eae520aaabe2,CELL_LINE,ACTIVE,LabA_MSP,2,2,true,false,FAIL
bio:cell_line:9bc1509e-de41-4ceb-a97c-22cc046fcbc6,CELL_LINE,ACTIVE,BioRepository_MSP,3,3,true,false,FAIL
bio:plasmid:b844fdec-b43a-4ecc-b0be-2c087886a35b,PLASMID,ACTIVE,LabA_MSP,3,1,true,false,FAIL
bio:plasmid:2aa54b63-d759-40be-b20b-5a196e49fa83,PLASMID,ACTIVE,LabA_MSP,2,1,true,false,FAIL
bio:cell_line:98a19f79-64b5-4127-ae39-24d414ef063f,CELL_LINE,ACTIVE,LabB_MSP,3,1,true,false,FAIL
bio:plasmid:61e52d90-800e-4fd7-bbea-fe0edcc540ec,PLASMID,ACTIVE,LabA_MSP,2,3,true,false,FAIL
bio:cell_line:5c6e6341-d699-4590-99d4-2a8c8c3241ba,CELL_LINE,ACTIVE,LabA_MSP,2,1,true,false,FAIL
bio:cell_line:2fa029f4-71aa-46ce-bd5c-6a8d5a3ca945,CELL_LINE,ACTIVE,BioRepository_MSP,2,3,true,false,FAIL
bio:cell_line:b600c07b-f203-4159-9d88-aaf324f4b171,CELL_LINE,ACTIVE,LabA_MSP,3,1,false,false,PASS
bio:plasmid:df5da057-0e44-49b8-b303-e90d84e64fde,PLASMID,ACTIVE,LabA_MSP,2,3,true,false,FAIL
bio:cell_line:2599edda-75fa-4cf1-8cf2-7023cac46eda,CELL_LINE,ACTIVE,LabA_MSP,3,2,true,true,FAIL
bio:cell_line:15843afb-caea-41de-a83f-435eda9fd693,CELL_LINE,ACTIVE,LabB_MSP,3,2,true,false,FAIL
bio:cell_line:a589bc8d-73ef-49ce-9b41-5ef565dea79f,CELL_LINE,ACTIVE,LabA_MSP,2,1,true,false,FAIL
bio:cell_line:7aaf8041-fbeb-4c0a-bed2-95fa4eca0272,CELL_LINE,ACTIVE,LabA_MSP,3,3,true,false,FAIL
bio:plasmid:3289b3f0-41bd-4d32-9552-a2db2e1c9d00,PLASMID,ACTIVE,LabB_MSP,3,2,true,false,FAIL
bio:plasmid:6bba8679-11f5-4c27-a8f3-ff115f2f815c,PLASMID,ACTIVE,LabB_MSP,3,2,true,false,FAIL
bio:plasmid:291a379a-7c3a-4b2b-b99e-907cb16cf171,PLASMID,ACTIVE,LabA_MSP,3,2,true,false,FAIL
bio:cell_line:724310d2-a865-4fb7-8eeb-2d097d0a305a,CELL_LINE,ACTIVE,LabB_MSP,3,3,true,false,FAIL
bio:cell_line:20772881-35b8-4367-ae33-b86036f44cc3,CELL_LINE,ACTIVE,BioRepository_MSP,2,2,true,false,FAIL
bio:plasmid:bb554028-390a-4d7a-bc69-77d37fab5845,PLASMID,ACTIVE,LabA_MSP,3,1,true,false,FAIL
bio:cell_line:a7ba6196-8520-464a-8e29-b7cfe46f2e09,CELL_LINE,ACTIVE,BioRepository_MSP,2,2,false,false,PASS
bio:cell_line:bf0b9a21-cbfb-4719-a6cd-a83cbf7fa0ba,CELL_LINE,ACTIVE,LabB_MSP,2,2,true,false,FAIL
bio:cell_line:ad733f8f-aba0-4c13-b907-666f2691e402,CELL_LINE,ACTIVE,LabB_MSP,3,3,true,false,FAIL