materialId,materialType,status,ownerOrg,numCredentials,numTransfers,hasIdentity,hasQC,hasExpiredQC,hasTamperedArtifact,hasPendingTransfer,expectedOnChain,expectedFull
bio:cell_line:d7f041e1-673f-4374-a6ee-f82dd517cb56,CELL_LINE,ACTIVE,LabB_MSP,2,2,true,true,false,false,false,PASS,PASS
bio:cell_line:2a2cb717-6239-4c81-9ec4-cf9d1155d078,CELL_LINE,REVOKED,LabB_MSP,2,2,true,true,false,false,false,FAIL,FAIL
bio:plasmid:e89cf774-7f4e-489b-8863-3c29c80b9341,PLASMID,ACTIVE,LabA_MSP,3,3,true,true,false,false,false,PASS,PASS
bio:cell_line:1b769e1a-fae3-4007-b7b4-a3e9dc3ee088,CELL_LINE,ACTIVE,LabA_MSP,3,2,true,true,false,false,false,PASS,PASS
bio:cell_line:84a3cc52-f29f-4243-855d-7d5809c0a3ff,CELL_LINE,ACTIVE,LabB_MSP,2,1,true,true,false,false,false,PASS,PASS
bio:cell_line:bffdbea3-1468-44a6-86a6-b2e766966088,CELL_LINE,ACTIVE,LabB_MSP,3,2,true,true,true,false,false,FAIL,FAIL
bio:cell_line:67ac79c1-74ea-4694-8353-52bf9a96bb80,CELL_LINE,ACTIVE,LabB_MSP,3,1,true,true,false,false,false,PASS,PASS
bio:cell_line:ad0ce1fe-5ad8-4268-9294-ce183b11d3e4,CELL_LINE,ACTIVE,BioRepository_MSP,2,2,true,true,false,false,true,FAIL,FAIL
bio:plasmid:a609c1e5-60af-49ae-8232-7632f49e2702,PLASMID,ACTIVE,BioRepository_MSP,2,2,true,true,false,false,false,PASS,PASS
bio:cell_line:074bedd9-d3a2-403c-8827-e0623831ae7c,CELL_LINE,ACTIVE,LabA_MSP,3,1,true,true,false,false,false,PASS,PASS
bio:cell_line:960248b7-1bf7-4bc6-a250-cb7214528f44,CELL_LINE,ACTIVE,LabB_MSP,2,3,true,true,false,false,false,PASS,PASS
bio:cell_line:ab4624bd-4ea5-4774-96c6-ce2a5c0e48b7,CELL_LINE,ACTIVE,LabB_MSP,3,1,true,true,false,false,false,PASS,PASS
bio:cell_line:dfc1a7db-e7e1-4ce4-8804-e523564a6856,CELL_LINE,ACTIVE,LabA_MSP,2,1,true,true,false,false,false,PASS,PASS
bio:cell_line:772085ed-ea67-436a-9808-f50461fac3de,CELL_LINE,ACTIVE,LabB_MSP,2,1,true,true,false,false,false,PASS,PASS
bio:cell_line:e7e36ccb-4924-4de9-878d-9e3f592fb9d6,CELL_LINE,ACTIVE,BioRepository_MSP,2,2,true,true,false,false,false,PASS,PASS
bio:cell_line:95589255-1c03-4aee-a16b-56b0b625d275,CELL_LINE,ACTIVE,LabA_MSP,2,1,true,true,true,false,false,FAIL,FAIL
bio:plasmid:16fce4e9-7091-42ca-a292-786eda56d989,PLASMID,ACTIVE,LabA_MSP,3,2,true,true,false,false,false,PASS,PASS
bio:cell_line:4584b61e-c406-4570-91bf-46e879c06309,CELL_LINE,ACTIVE,BioRepository_MSP,2,2,true,true,false,false,false,PASS,PASS
bio:cell_line:8b8421e8-5761-488c-b92f-febc07886a66,CELL_LINE,ACTIVE,LabB_MSP,3,3,true,true,true,false,false,FAIL,FAIL
bio:cell_line:e7650e55-af5c-455a-9a20-b50930d96720,CELL_LINE,ACTIVE,LabB_MSP,3,1,true,true,false,false,false,PASS,PASS
bio:cell_line:c045acaa-05f3-4b3c-bcbe-0b46b157a304,CELL_LINE,ACTIVE,BioRepository_MSP,2,3,true,true,false,false,true,FAIL,FAIL
bio:plasmid:e3b9bdcd-3766-4a25-9a9f-acb16ed0fbc1,PLASMID,ACTIVE,LabB_MSP,2,1,true,true,true,false,false,FAIL,FAIL
bio:cell_line:1f9914b9-8baa-4a75-b1a6-f27c33c68a92,CELL_LINE,ACTIVE,LabA_MSP,2,3,true,true,false,false,false,PASS,PASS
bio:cell_line:4c79fc50-a521-4826-a534-175294cd8992,CELL_LINE,ACTIVE,BioRepository_MSP,2,2,true,true,false,false,false,PASS,PASS
bio:plasmid:30d87074-c7ae-4300-926f-fe337b8fb75b,PLASMID,QUARANTINED,LabB_MSP,3,3,true,true,false,false,false,FAIL,FAIL
bio:cell_line:43638b98-a7c3-4856-b9b6-4cc0f9e5cc13,CELL_LINE,ACTIVE,LabB_MSP,3,1,true,true,false,false,false,PASS,PASS
bio:cell_line:5a2b22ac-b4f7-418e-87eb-0168eab23bf5,CELL_LINE,ACTIVE,LabB_MSP,2,1,true,true,false,false,false,PASS,PASS
bio:cell_line:b10644fd-890f-411c-86fd-50d1c94e5315,CELL_LINE,ACTIVE,LabA_MSP,3,3,true,true,false,false,false,PASS,PASS
bio:cell_line:7138dc53-1f25-4c3e-b07b-3129c627a2eb,CELL_LINE,ACTIVE,LabA_MSP,2,2,true,true,false,false,false,PASS,PASS
bio:cell_line:7bd41824-0880-40b0-9081-471190636f76,CELL_LINE,ACTIVE,LabA_MSP,3,1,true,true,false,false,false,PASS,PASS
bio:cell_line:5c2b3e1a-6d92-475c-b48e-3d11d2bb2498,CELL_LINE,ACTIVE,LabB_MSP,3,3,true,true,false,false,false,PASS,PASS
bio:cell_line:23a75230-6c70-402f-b7b5-7731bc35ca8c,CELL_LINE,ACTIVE,LabB_MSP,3,1,true,true,false,false,false,PASS,PASS
bio:cell_line:89d64067-42d8-4774-b62b-3990c97b73ad,CELL_LINE,ACTIVE,LabB_MSP,3,1,true,true,false,false,false,PASS,PASS
bio:cell_line:4db30786-e926-45ff-bac5-8186177ec901,CELL_LINE,ACTIVE,BioRepository_MSP,2,2,true,true,false,false,false,PASS,PASS
bio:cell_line:aeac20f9-1856-420f-993e-fb79410ed553,CELL_LINE,ACTIVE,BioRepository_MSP,2,3,true,true,false,true,false,PASS,FAIL
bio:cell_line:97ff9823-38e6-4894-adc7-ff0aa85704c1,CELL_LINE,ACTIVE,BioRepository_MSP,3,1,true,true,true,false,true,FAIL,FAIL
bio:cell_line:b44c2af0-b0f0-43d7-becc-cdf2672201d1,CELL_LINE,ACTIVE,LabA_MSP,2,2,true,true,false,false,false,PASS,PASS
bio:cell_line:ffe49d4c-a26e-4b0a-9c78-634b71e4737e,CELL_LINE,ACTIVE,LabA_MSP,2,3,true,true,false,false,false,PASS,PASS
bio:cell_line:ff8f6571-6942-499c-ae38-219fb52816e5,CELL_LINE,ACTIVE,LabB_MSP,2,2,true,true,false,false,false,PASS,PASS
bio:cell_line:b1f00483-592d-46f2-99f2-15590ea9917e,CELL_LINE,ACTIVE,LabA_MSP,3,1,true,true,false,false,false,PASS,PASS
bio:cell_line:0b2f0f25-e6aa-478f-8e33-e54f8ba13452,CELL_LINE,ACTIVE,LabA_MSP,3,3,true,true,false,false,false,PASS,PASS
bio:plasmid:dc38b6ed-250f-4d07-a1ba-ba7670541194,PLASMID,ACTIVE,LabB_MSP,3,1,true,true,false,false,false,PASS,PASS
bio:cell_line:f0318870-f677-454d-9021-5abb8ebb3923,CELL_LINE,ACTIVE,LabB_MSP,3,3,true,true,false,false,false,PASS,PASS
bio:plasmid:678ec24b-0882-4491-accf-6b90bd8a204b,PLASMID,ACTIVE,LabA_MSP,3,1,true,true,false,false,false,PASS,PASS
bio:cell_line:25a427c9-b5fd-42ea-a2ac-ca9eae817c01,CELL_LINE,ACTIVE,LabB_MSP,2,2,true,true,true,false,false,FAIL,FAIL
bio:cell_line:b8c83e2b-322e-4903-bda7-6704c1da3c3b,CELL_LINE,ACTIVE,BioRepository_MSP,2,2,true,true,false,false,false,PASS,PASS
bio:cell_line:4d8d0c4d-06f7-4376-8ffe-3e89afd1269c,CELL_LINE,ACTIVE,LabB_MSP,3,1,true,true,false,false,false,PASS,PASS
bio:plasmid:eb5c1229-8963-4bc4-aaca-1831375e0760,PLASMID,ACTIVE,LabA_MSP,2,2,true,true,false,false,false,PASS,PASS
bio:cell_line:387cc34b-0c39-4590-bf75-4f9eb16ad8a0,CELL_LINE,ACTIVE,LabB_MSP,3,2,true,true,false,false,false,PASS,PASS
bio:cell_line:24adbb1c-5f7b-4fba-8f7a-5d291e4a3578,CELL_LINE,ACTIVE,BioRepository_MSP,2,2,true,true,false,false,false,PASS,PASS
bio:plasmid:babe1fa5-e64d-49b7-9f6d-d059debcc733,PLASMID,ACTIVE,BioRepository_MSP,3,2,true,true,false,false,false,PASS,PASS
bio:cell_line:0d2f3f1b-6536-43f9-908c-a5bc653da936,CELL_LINE,ACTIVE,LabA_MSP,3,1,true,true,false,false,false,PASS,PASS
bio:plasmid:83303911-660f-4c76-bcd8-56faa6c3cc0e,PLASMID,QUARANTINED,LabA_MSP,2,1,true,true,false,false,false,FAIL,FAIL
bio:plasmid:81c40814-647f-47c5-921c-c637667b5303,PLASMID,ACTIVE,LabB_MSP,2,1,true,true,false,false,false,PASS,PASS
bio:plasmid:53a62946-1f9d-4760-85d7-864be450a227,PLASMID,ACTIVE,BioRepository_MSP,3,3,true,true,false,false,false,PASS,PASS
bio:cell_line:6d7fe747-a8c3-45a9-a6a6-ebecccbe8d52,CELL_LINE,ACTIVE,LabB_MSP,3,1,true,true,true,false,false,FAIL,FAIL
bio:plasmid:8fc2a08c-8697-49e8-801e-f7ef45146fa4,PLASMID,ACTIVE,LabB_MSP,3,2,true,true,false,false,false,PASS,PASS
bio:plasmid:96904fc5-1bf2-494e-af5a-f5b6979363b0,PLASMID,ACTIVE,BioRepository_MSP,3,3,true,true,false,false,false,PASS,PASS
bio:plasmid:b6b73af9-8ed5-4576-81dd-ecb44b7642aa,PLASMID,ACTIVE,LabA_MSP,2,1,true,true,false,false,false,PASS,PASS
bio:cell_line:c7bd60fb-2413-450a-a4a7-d1656fedf333,CELL_LINE,ACTIVE,LabB_MSP,2,3,true,true,true,false,false,FAIL,FAIL
bio:plasmid:0a4fa7c9-8db4-4758-992a-8d22275c7b87,PLASMID,ACTIVE,LabA_MSP,3,2,true,true,false,false,false,PASS,PASS
bio:plasmid:f96c082d-b34b-4a5b-a15c-87403c481827,PLASMID,ACTIVE,LabB_MSP,3,2,true,true,false,false,false,PASS,PASS
bio:cell_line:320ba8fa-1803-45aa-a829-2a9d8f084c34,CELL_LINE,ACTIVE,LabA_MSP,2,2,true,true,false,false,false,PASS,PASS
bio:plasmid:d4624343-37fc-4e08-8197-916d41b3aa4a,PLASMID,ACTIVE,LabA_MSP,2,1,true,true,false,false,false,PASS,PASS
bio:cell_line:3a8be729-5088-4580-9b70-2391beab4e20,CELL_LINE,REVOKED,LabB_MSP,3,1,true,true,true,false,false,FAIL,FAIL
bio:cell_line:4dc77092-9c3e-43fe-9dc1-33bde8b55cfd,CELL_LINE,ACTIVE,LabB_MSP,3,3,true,true,false,false,false,PASS,PASS
bio:cell_line:e94607f0-7918-4987-9569-8433ed169b8b,CELL_LINE,ACTIVE,LabB_MSP,2,1,true,true,false,false,false,PASS,PASS
bio:cell_line:f9660019-c225-41f2-a670-308f292508c8,CELL_LINE,ACTIVE,BioRepository_MSP,2,3,true,true,false,false,false,PASS,PASS
bio:cell_line:74874db4-7688-4261-94f7-d42f5c5cb730,CELL_LINE,ACTIVE,LabB_MSP,3,1,true,true,false,false,false,PASS,PASS
bio:plasmid:e9fff0d9-9b5b-4983-9b70-064b57537fe9,PLASMID,ACTIVE,BioRepository_MSP,2,2,true,true,true,false,false,FAIL,FAIL
bio:cell_line:c85a3db4-18be-431c-8811-6667125c90c8,CELL_LINE,ACTIVE,LabA_MSP,2,1,true,true,true,false,false,FAIL,FAIL
bio:cell_line:b319b138-4a99-4b7c-bab3-362ca8c20934,CELL_LINE,ACTIVE,BioRepository_MSP,3,2,true,true,false,false,false,PASS,PASS
bio:plasmid:833aff51-2fe3-444e-9817-a7d04b7229d5,PLASMID,ACTIVE,LabA_MSP,2,3,true,true,false,false,false,PASS,PASS
bio:cell_line:0d74609c-ced2-4534-9334-9861456a5ef4,CELL_LINE,ACTIVE,LabB_MSP,2,1,true,true,false,false,false,PASS,PASS
bio:plasmid:476a1094-c1d3-4cb0-9a4c-13ae0a1c4dea,PLASMID,ACTIVE,LabB_MSP,2,2,true,true,false,false,false,PASS,PASS
bio:cell_line:a83fdd7e-4dad-41bf-9b8b-2a7c4461e6b7,CELL_LINE,ACTIVE,LabB_MSP,2,1,true,true,false,false,false,PASS,PASS
bio:cell_line:0f0370ef-26d6-471a-b25e-e5f96055012e,CELL_LINE,ACTIVE,BioRepository_MSP,2,2,true,true,false,false,false,PASS,PASS
bio:cell_line:20caacbb-1ed2-4f5c-acd7-bbf2a4c764c8,CELL_LINE,ACTIVE,LabB_MSP,3,1,true,true,true,false,false,FAIL,FAIL
bio:cell_line:ca1ee74e-c4d5-4392-86de-736cbdf68d71,CELL_LINE,ACTIVE,BioRepository_MSP,3,2,true,true,false,true,false,PASS,FAIL
bio:plasmid:f396f341-dce1-453c-88ec-7d19e3e6fe94,PLASMID,ACTIVE,LabA_MSP,3,3,true,true,true,false,false,FAIL,FAIL
bio:cell_line:7e735317-a1c7-4bad-a331-9cf3f335e7d8,CELL_LINE,ACTIVE,BioRepository_MSP,3,3,true,true,false,false,false,PASS,PASS
bio:cell_line:a1e307ba-deb2-4807-8d2b-a92fecb2a484,CELL_LINE,ACTIVE,BioRepository_MSP,3,1,true,true,false,false,true,FAIL,FAIL
bio:plasmid:006f1e47-2041-4512-882a-e042a0aab218,PLASMID,ACTIVE,LabA_MSP,2,2,true,true,false,false,false,PASS,PASS
bio:cell_line:f7d451d3-235c-4f03-91be-92399cd25fd5,CELL_LINE,ACTIVE,LabB_MSP,3,3,true,true,true,false,false,FAIL,FAIL
bio:plasmid:d27c2c61-e9c1-4f2f-b43d-80607d38b04a,PLASMID,ACTIVE,LabB_MSP,3,3,true,true,true,false,false,FAIL,FAIL
bio:cell_line:7c97788e-3469-45bd-9006-9d16c998d5d6,CELL_LINE,ACTIVE,LabB_MSP,3,1,true,true,false,true,false,PASS,FAIL
bio:cell_line:8e21f11d-a094-4252-b42f-808dc022fb06,CELL_LINE,ACTIVE,LabA_MSP,2,2,true,true,false,false,false,PASS,PASS
bio:cell_line:3dea883b-492b-4745-ac91-d04941f8ff28,CELL_LINE,ACTIVE,BioRepository_MSP,2,3,true,true,false,false,false,PASS,PASS
bio:plasmid:3f0a079f-c748-4d77-bf5c-f5a865d06d52,PLASMID,ACTIVE,LabA_MSP,2,2,true,true,false,false,false,PASS,PASS
bio:plasmid:53c320ee-b562-4564-ac02-ad3beff143e1,PLASMID,ACTIVE,LabA_MSP,2,2,true,true,false,false,false,PASS,PASS
bio:cell_line:9597c286-ca6a-4953-b060-401a59d9a27f,CELL_LINE,ACTIVE,BioRepository_MSP,2,2,true,true,false,false,false,PASS,PASS
bio:cell_line:77fa9839-0286-430d-920f-5275227c5c4e,CELL_LINE,ACTIVE,BioRepository_MSP,3,2,true,true,false,false,false,PASS,PASS
bio:cell_line:5d027b78-650c-45a8-92eb-028e681a483d,CELL_LINE,ACTIVE,LabB_MSP,2,2,true,true,true,false,false,FAIL,FAIL
bio:cell_line:df123b4a-7773-4477-8798-9e97fef7ae34,CELL_LINE,ACTIVE,LabB_MSP,3,3,true,true,false,false,false,PASS,PASS
bio:cell_line:6e97fdcd-0a09-41ad-9391-e51cc12a9239,CELL_LINE,ACTIVE,LabB_MSP,2,1,true,true,false,false,false,PASS,PASS
bio:cell_line:924d136c-39b2-40f6-9775-9a8f15074bf8,CELL_LINE,ACTIVE,LabA_MSP,2,2,true,true,false,false,false,PASS,PASS
bio:cell_line:eca7959d-7d84-4ab9-a47c-81530dcde288,CELL_LINE,ACTIVE,LabB_MSP,2,3,true,true,false,false,false,PASS,PASS
bio:cell_line:abbf7e1a-f555-4ddd-8adb-ba57171ba6dd,CELL_LINE,QUARANTINED,BioRepository_MSP,2,3,true,true,false,false,false,FAIL,FAIL
bio:plasmid:9a1d3c10-3c79-4382-97c0-c1063203f569,PLASMID,ACTIVE,LabA_MSP,3,3,true,true,true,false,false,FAIL,FAIL
bio:cell_line:b695f759-0686-4541-937e-cda19b4f4fae,CELL_LINE,ACTIVE,LabA_MSP,3,1,true,true,false,false,false,PASS,PASS
bio:cell_line:63039698-9516-4cd7-9c81-eddb984c70eb,CELL_LINE,ACTIVE,BioRepository_MSP,2,2,true,true,false,false,false,PASS,PASS
bio:cell_line:c6860373-6171-4009-b203-9cd1efbe4d0c,CELL_LINE,ACTIVE,LabB_MSP,3,1,true,true,false,false,false,PASS,PASS
bio:cell_line:12b04e0a-8830-497d-98b8-c82f212ecf26,CELL_LINE,ACTIVE,LabB_MSP,3,3,true,true,false,false,false,PASS,PASS
bio:cell_line:f9ac40a0-e337-4c2e-a632-8ac8dba05591,CELL_LINE,ACTIVE,LabA_MSP,2,1,true,true,true,false,false,FAIL,FAIL
bio:cell_line:24fd9ba3-945a-4a61-9749-7e3011e51490,CELL_LINE,ACTIVE,LabA_MSP,3,3,true,true,false,false,false,PASS,PASS
bio:cell_line:cf52fc17-b0d8-4f31-985e-d5266f57d611,CELL_LINE,ACTIVE,LabB_MSP,2,1,true,true,false,false,false,PASS,PASS
bio:cell_line:b119f85e-3c5f-4c1e-8494-fbf4036daf03,CELL_LINE,ACTIVE,LabB_MSP,2,1,true,true,false,false,false,PASS,PASS
bio:cell_line:76eb9bca-7b0d-436a-87cd-afb847f6616f,CELL_LINE,ACTIVE,LabB_MSP,3,3,true,true,false,false,false,PASS,PASS
bio:cell_line:7740b8e2-cc93-4a93-b7dc-fcd7e7fbaa55,CELL_LINE,ACTIVE,LabA_MSP,3,2,true,true,false,false,false,PASS,PASS
bio:cell_line:c0d903a1-2f7c-47d9-8612-a5611bc56265,CELL_LINE,ACTIVE,BioRepository_MSP,3,2,true,true,false,false,false,PASS,PASS
bio:cell_line:5f318407-026f-4233-912e-e57ed0884147,CELL_LINE,REVOKED,LabA_MSP,2,1,true,true,false,false,false,FAIL,FAIL
bio:cell_line:72674c71-1ee6-4244-be70-91af05945794,CELL_LINE,ACTIVE,LabB_MSP,3,2,true,true,false,false,false,PASS,PASS
bio:cell_line:2c8f6082-4b0e-4398-8e2c-a1705c5bc325,CELL_LINE,ACTIVE,LabB_MSP,3,3,true,true,false,false,false,PASS,PASS
bio:cell_line:6ae66af9-a5de-4ce1-b32d-93bd63b489b5,CELL_LINE,ACTIVE,LabA_MSP,3,3,true,true,true,false,false,FAIL,FAIL
bio:cell_line:a1105d4f-c834-4a82-b248-686723694251,CELL_LINE,ACTIVE,LabA_MSP,3,3,true,true,true,false,false,FAIL,FAIL
bio:plasmid:073ac2f2-b67a-4d45-a623-80f06d448396,PLASMID,ACTIVE,LabB_MSP,3,3,true,true,false,false,false,PASS,PASS
bio:cell_line:e161e645-a78d-4d75-b702-b143be3c8576,CELL_LINE,ACTIVE,LabB_MSP,2,1,true,true,false,false,false,PASS,PASS
bio:cell_line:71f27ba0-5e75-4a06-9f6b-d0a917a20bbf,CELL_LINE,ACTIVE,LabA_MSP,2,3,true,true,false,false,false,PASS,PASS
bio:cell_line:88f1c93c-a90e-4d9c-8e97-5d55dcfdf5cb,CELL_LINE,ACTIVE,LabB_MSP,2,2,true,true,false,false,false,PASS,PASS
bio:cell_line:49c6b2bf-044e-4f6c-82b9-2690525f41c4,CELL_LINE,ACTIVE,LabB_MSP,3,2,true,true,true,false,false,FAIL,FAIL
bio:cell_line:07852534-627c-460c-b949-322ca5e5a65a,CELL_LINE,ACTIVE,BioRepository_MSP,2,3,true,true,false,false,false,PASS,PASS
bio:cell_line:9bde296b-2af3-4a55-834e-412965ab9220,CELL_LINE,ACTIVE,BioRepository_MSP,2,2,true,true,false,false,false,PASS,PASS
bio:cell_line:68f7b460-c5ab-4f57-a73b-754319cc8660,CELL_LINE,ACTIVE,LabA_MSP,3,3,true,true,false,false,false,PASS,PASS
bio:cell_line:a7cc0ae6-272c-4f19-8535-b653bfe9f8c8,CELL_LINE,ACTIVE,LabA_MSP,3,1,true,true,false,false,false,PASS,PASS
bio:cell_line:44a3b616-3f40-404b-8fb4-f628ad5b5b7a,CELL_LINE,ACTIVE,BioRepository_MSP,2,1,true,true,false,false,true,FAIL,FAIL
bio:plasmid:bb0894c0-d58e-4318-ac92-1e92de4ed14e,PLASMID,ACTIVE,LabA_MSP,2,3,true,true,false,false,false,PASS,PASS
bio:cell_line:710a2cc4-4fae-4d91-8082-41ba170bd924,CELL_LINE,ACTIVE,LabA_MSP,3,1,true,true,false,false,false,PASS,PASS
bio:plasmid:82504ae4-a5fc-4fe6-bbd8-18639dddb6f6,PLASMID,ACTIVE,BioRepository_MSP,3,2,true,true,false,false,false,PASS,PASS
bio:plasmid:b71f86be-4ef6-4222-91ba-9c802d9db105,PLASMID,ACTIVE,LabA_MSP,2,1,true,true,false,false,false,PASS,PASS
bio:cell_line:6e301a26-a448-4f96-bd5f-e7b846b25890,CELL_LINE,ACTIVE,LabB_MSP,3,2,true,true,false,false,false,PASS,PASS
bio:cell_line:c2644b68-0ff5-4d4b-959b-3f70f09cdb32,CELL_LINE,ACTIVE,LabB_MSP,2,2,true,true,true,false,false,FAIL,FAIL
bio:cell_line:e27bec10-905f-4ef7-bef9-1e1bd3d70b71,CELL_LINE,ACTIVE,LabB_MSP,2,3,true,true,false,false,false,PASS,PASS
bio:plasmid:4c43684d-f43e-4e0f-a303-a1ef8016e355,PLASMID,ACTIVE,LabA_MSP,2,1,true,true,false,false,false,PASS,PASS
bio:cell_line:d4b80106-b696-489f-bfdd-c2625154eee6,CELL_LINE,ACTIVE,LabB_MSP,3,1,true,true,false,false,false,PASS,PASS
bio:cell_line:625e6328-a4c1-4b37-9be1-456fe3b8d4ae,CELL_LINE,ACTIVE,LabA_MSP,2,3,true,true,false,false,false,PASS,PASS
bio:cell_line:f932e77f-e299-4b88-95b0-a12db3e94a4a,CELL_LINE,ACTIVE,LabA_MSP,2,3,true,true,false,false,false,PASS,PASS
bio:cell_line:279e4e92-7650-4644-a534-9f2c1ce03b76,CELL_LINE,ACTIVE,LabA_MSP,3,3,true,true,false,false,false,PASS,PASS
bio:cell_line:6c05656e-3e4a-406d-956c-a2c574fd81d4,CELL_LINE,ACTIVE,LabA_MSP,3,2,true,true,false,false,false,PASS,PASS
bio:cell_line:1518881e-62fa-4c73-901c-b1b580ff5d22,CELL_LINE,ACTIVE,BioRepository_MSP,2,3,true,true,false,false,false,PASS,PASS
bio:cell_line:7f85277f-3737-4127-8c5e-0470bb37c86e,CELL_LINE,ACTIVE,LabB_MSP,3,1,true,true,false,false,false,PASS,PASS
bio:cell_line:9de1475f-4193-4d4c-ae81-659fec1892d4,CELL_LINE,ACTIVE,LabA_MSP,3,2,true,true,false,false,false,PASS,PASS
bio:cell_line:f31b8f31-a3c4-4593-8ab6-be11b9f3c050,CELL_LINE,ACTIVE,LabB_MSP,2,1,true,true,true,false,false,FAIL,FAIL
bio:cell_line:e9a69653-85b2-4c3d-8058-a966db773107,CELL_LINE,ACTIVE,BioRepository_MSP,2,2,true,true,true,false,false,FAIL,FAIL
bio:plasmid:1c652fd2-65e1-49e4-9870-cb1cf1cf6cdc,PLASMID,ACTIVE,BioRepository_MSP,3,2,true,true,false,false,false,PASS,PASS
bio:cell_line:aa8051d7-6070-44b0-ae9c-8e969d4aac15,CELL_LINE,ACTIVE,BioRepository_MSP,2,2,true,true,false,false,false,PASS,PASS
bio:cell_line:56a17d45-7447-4ddc-8e39-469843e4e166,CELL_LINE,ACTIVE,LabB_MSP,2,1,true,true,false,false,false,PASS,PASS
bio:cell_line:29d816b7-da13-4a73-9739-29636bbd174b,CELL_LINE,ACTIVE,LabB_MSP,2,1,true,true,false,true,false,PASS,FAIL
bio:cell_line:71dc1229-e878-45ad-8ed2-1fb2b2e44590,CELL_LINE,ACTIVE,LabA_MSP,2,1,true,true,false,false,false,PASS,PASS
bio:plasmid:acf4f166-e91d-4461-910f-e44b621bfe1c,PLASMID,ACTIVE,LabA_MSP,2,2,true,true,false,false,false,PASS,PASS
bio:cell_line:9881b308-8861-41ed-a556-a564701c9724,CELL_LINE,ACTIVE,BioRepository_MSP,3,2,true,true,false,false,true,FAIL,FAIL
bio:cell_line:a448fbb2-d06e-4963-b46e-cb8ddd4bbc7b,CELL_LINE,ACTIVE,LabB_MSP,3,2,true,true,false,false,false,PASS,PASS
bio:cell_line:67d16f43-765a-4887-bbb0-167fa7947650,CELL_LINE,ACTIVE,LabB_MSP,3,1,true,true,false,false,false,PASS,PASS
bio:cell_line:77991030-a30a-44e5-8154-a530835de547,CELL_LINE,ACTIVE,LabA_MSP,3,2,true,true,false,false,false,PASS,PASS
bio:cell_line:94c5e13f-8600-4066-8f6f-a185e66e7b67,CELL_LINE,ACTIVE,LabB_MSP,2,1,true,true,false,false,false,PASS,PASS
bio:plasmid:be42bd1c-a5b7-4af5-b9ec-800813b356c2,PLASMID,ACTIVE,LabA_MSP,3,1,true,true,false,false,false,PASS,PASS
bio:plasmid:bf87b971-c7af-4c9e-b425-0703e22ff48e,PLASMID,ACTIVE,LabA_MSP,2,2,true,true,true,false,false,FAIL,FAIL
bio:cell_line:4dedbe7f-45dd-43e8-8741-dc7d1ff8e693,CELL_LINE,ACTIVE,LabA_MSP,3,3,true,true,false,false,false,PASS,PASS
bio:cell_line:c25915b8-264e-4d8e-af61-32d11d02aec1,CELL_LINE,ACTIVE,LabB_MSP,3,1,true,true,false,false,false,PASS,PASS
bio:cell_line:6d0780a8-f256-49ab-a20d-533ce24ab280,CELL_LINE,ACTIVE,LabA_MSP,3,1,true,true,true,false,false,FAIL,FAIL
bio:plasmid:893ffa31-d15b-49e6-9372-068466c10501,PLASMID,ACTIVE,BioRepository_MSP,2,2,true,true,false,false,false,PASS,PASS
bio:cell_line:3abdd161-0f3d-4c86-8fe7-241c5dae64a4,CELL_LINE,ACTIVE,BioRepository_MSP,3,2,true,true,false,false,false,PASS,PASS
bio:plasmid:7a676898-a1f4-444e-9640-7af06a4e3cd9,PLASMID,ACTIVE,LabB_MSP,2,3,true,true,false,false,false,PASS,PASS
bio:plasmid:79012af3-c94e-477d-9590-d7f8985fedae,PLASMID,ACTIVE,LabB_MSP,3,3,true,true,false,false,false,PASS,PASS
bio:cell_line:c6b8393d-2cb1-46d8-af28-209d18faaeb9,CELL_LINE,ACTIVE,BioRepository_MSP,2,3,true,true,false,false,false,PASS,PASS
bio:cell_line:c0c23187-55c8-4b2e-becb-32d63de4a186,CELL_LINE,ACTIVE,LabB_MSP,2,3,true,true,false,false,false,PASS,PASS
bio:cell_line:c3db41f8-7579-4fc6-8727-35d032a42f6b,CELL_LINE,ACTIVE,LabA_MSP,2,3,true,true,false,false,false,PASS,PASS
bio:plasmid:26491c49-7884-4625-b9d5-1ff8173e84fe,PLASMID,ACTIVE,LabB_MSP,2,3,true,true,false,false,false,PASS,PASS
bio:plasmid:6b0e9877-fca4-429f-9bd4-038058f02ac4,PLASMID,ACTIVE,LabB_MSP,3,2,true,true,false,false,false,PASS,PASS
bio:cell_line:22d68016-ee2f-45f5-9ece-5631a059ea78,CELL_LINE,ACTIVE,BioRepository_MSP,2,3,true,true,false,false,false,PASS,PASS
bio:cell_line:a51088a7-d290-40e0-b6a3-16c0128f2bbb,CELL_LINE,ACTIVE,BioRepository_MSP,2,3,true,true,false,false,false,PASS,PASS
bio:cell_line:be590154-b40d-4de7-8e2f-7b589e96a2f7,CELL_LINE,ACTIVE,LabA_MSP,3,1,true,true,false,false,false,PASS,PASS
bio:plasmid:ac62cf55-820c-4209-8dbb-0c4ec3143fcf,PLASMID,ACTIVE,LabA_MSP,3,3,true,true,false,false,false,PASS,PASS
bio:cell_line:7a6363e6-242b-4a22-aa20-a7bac152c15a,CELL_LINE,ACTIVE,LabB_MSP,2,3,true,true,false,true,false,PASS,FAIL
bio:plasmid:9d88a00e-1735-4065-b794-477a623b7e95,PLASMID,QUARANTINED,LabB_MSP,2,2,true,true,false,false,false,FAIL,FAIL
bio:cell_line:dcac4eb0-4fbb-468a-867a-18560979053c,CELL_LINE,ACTIVE,LabB_MSP,3,1,true,true,false,false,false,PASS,PASS
bio:cell_line:0dd140bc-2668-4993-9761-120f7c9fee91,CELL_LINE,ACTIVE,LabB_MSP,3,3,true,true,false,false,false,PASS,PASS
bio:cell_line:c6f54665-03d5-45bb-9d58-bdf8f7562ee5,CELL_LINE,ACTIVE,LabB_MSP,2,2,true,true,false,false,false,PASS,PASS
bio:plasmid:7691af6f-e6d2-4719-8531-8ee25c9eda14,PLASMID,ACTIVE,LabB_MSP,2,2,true,true,false,false,false,PASS,PASS
bio:cell_line:0a7ae992-9560-4d92-bc64-b358d330ae9c,CELL_LINE,ACTIVE,LabB_MSP,3,1,true,true,false,false,false,PASS,PASS
bio:cell_line:d75f4ede-05c2-4376-a832-143735c8c3ba,CELL_LINE,ACTIVE,BioRepository_MSP,3,2,true,true,false,false,false,PASS,PASS
bio:cell_line:4dfc758e-50da-4cbe-8d0a-bf9efe3bc4fc,CELL_LINE,ACTIVE,LabA_MSP,3,1,true,true,false,false,false,PASS,PASS
bio:cell_line:dde7b00e-c985-4a02-b03e-86c610b6f32b,CELL_LINE,ACTIVE,LabA_MSP,2,2,true,true,false,false,false,PASS,PASS
bio:cell_line:0baebfd7-fdd2-4c43-9ab3-13aafa67378e,CELL_LINE,ACTIVE,LabB_MSP,3,3,true,true,false,false,false,PASS,PASS
bio:plasmid:8e76cccf-5b41-4bae-84bb-55a39f4464fc,PLASMID,ACTIVE,LabB_MSP,3,3,true,true,false,false,false,PASS,PASS
bio:cell_line:9d26fd44-57a2-45b0-a5e4-44a3758c3170,CELL_LINE,ACTIVE,LabB_MSP,2,3,true,true,false,false,false,PASS,PASS
bio:plasmid:ced9beb5-a541-41fd-903f-e88b8e168e67,PLASMID,ACTIVE,LabA_MSP,3,3,true,true,false,false,false,PASS,PASS
bio:plasmid:a865e212-91ed-433e-ae56-b56d19a31dac,PLASMID,ACTIVE,LabB_MSP,2,3,true,true,false,false,false,PASS,PASS
bio:cell_line:a8e15bc9-bc1c-4cdf-86f1-9d6914db7971,CELL_LINE,ACTIVE,LabB_MSP,2,1,true,true,false,false,false,PASS,PASS
bio:cell_line:bf2cdbff-e020-4eca-94d3-7a79e894ba24,CELL_LINE,ACTIVE,LabA_MSP,2,2,true,true,false,false,false,PASS,PASS
bio:plasmid:34b60069-7416-4f9e-96ef-23bdf9369190,PLASMID,ACTIVE,LabB_MSP,2,3,true,true,false,false,false,PASS,PASS
bio:cell_line:8d7732ab-fad1-45c3-a42f-64a0df6f1a8f,CELL_LINE,ACTIVE,LabB_MSP,3,2,true,true,false,false,false,PASS,PASS
bio:plasmid:72feb61f-f26a-4218-b8ce-7f6d9dd7e8d4,PLASMID,ACTIVE,BioRepository_MSP,3,2,true,true,false,false,false,PASS,PASS
bio:plasmid:1972b296-69fa-41ef-bf7a-3692213fbdab,PLASMID,ACTIVE,LabA_MSP,3,1,true,true,true,false,false,FAIL,FAIL
bio:cell_line:66fb2e8d-f4f3-4a24-a329-9f7f5929598d,CELL_LINE,ACTIVE,LabB_MSP,3,1,true,true,true,false,false,FAIL,FAIL
bio:cell_line:6f678b2c-d601-4355-89a0-701d41c12c8c,CELL_LINE,ACTIVE,LabB_MSP,2,1,true,true,false,false,false,PASS,PASS
bio:plasmid:252cfb13-1935-488b-8d7c-6b97e8ae4e4d,PLASMID,ACTIVE,LabB_MSP,2,1,true,true,false,false,false,PASS,PASS
bio:cell_line:fe83cd4d-bc43-4b2b-9216-3f9ee4a68b57,CELL_LINE,ACTIVE,LabA_MSP,2,1,true,true,false,false,false,PASS,PASS
bio:plasmid:08a0c4a2-cebb-4781-8240-83c0e5d55c9c,PLASMID,ACTIVE,LabA_MSP,3,2,true,true,false,false,false,PASS,PASS
bio:cell_line:ea2869ba-378b-464d-b535-a5317bc2e13a,CELL_LINE,ACTIVE,LabB_MSP,3,3,true,true,false,false,false,PASS,PASS
bio:cell_line:5c405cbb-9ce0-4fac-87aa-edd1da08b373,CELL_LINE,ACTIVE,BioRepository_MSP,3,1,true,true,false,false,true,FAIL,FAIL
bio:cell_line:3b1b90f4-da09-4d73-bbaf-636b953c3bd6,CELL_LINE,ACTIVE,LabB_MSP,3,3,true,true,false,false,false,PASS,PASS
bio:cell_line:66e2acd1-4d75-45ec-bbc0-3ca841693dbf,CELL_LINE,ACTIVE,BioRepository_MSP,2,2,true,true,false,false,false,PASS,PASS
bio:cell_line:5d41eb48-94c3-4de9-8204-0b6b5b8b0c8a,CELL_LINE,ACTIVE,LabB_MSP,2,1,true,true,false,false,false,PASS,PASS
bio:plasmid:4285d5b3-2b72-48f5-b05c-246149e1ec58,PLASMID,ACTIVE,LabA_MSP,2,1,true,true,false,false,false,PASS,PASS
bio:cell_line:5dbafdb1-5bde-48d8-bd3a-c4e0ad0d17fe,CELL_LINE,ACTIVE,LabB_MSP,2,1,true,true,false,false,false,PASS,PASS
bio:plasmid:e04c8379-a42c-4002-88c9-94044e857ce0,PLASMID,QUARANTINED,LabA_MSP,3,1,true,true,false,false,false,FAIL,FAIL
bio:cell_line:c7cf4a73-d27e-43d1-961b-471602ebb152,CELL_LINE,ACTIVE,BioRepository_MSP,2,2,true,true,false,false,false,PASS,PASS
bio:cell_line:e5afc4c6-988b-4de3-8fb9-21913efecd5b,CELL_LINE,ACTIVE,LabB_MSP,3,1,true,true,false,false,false,PASS,PASS
bio:cell_line:6288e7a3-9ca4-4874-b052-b8fb4984941a,CELL_LINE,ACTIVE,BioRepository_MSP,2,2,true,true,false,false,false,PASS,PASS
bio:plasmid:0ef5e2f5-515f-4f38-9176-9d47461bcbf2,PLASMID,ACTIVE,LabA_MSP,3,3,true,true,false,false,false,PASS,PASS
bio:cell_line:3d574ce3-dcbf-4eb3-a3d5-61c129a78408,CELL_LINE,ACTIVE,LabB_MSP,3,1,true,true,false,false,false,PASS,PASS
bio:plasmid:9388d534-b724-4826-b83c-f033ebc72e43,PLASMID,ACTIVE,LabB_MSP,2,1,true,true,false,false,false,PASS,PASS
bio:cell_line:21d80ca9-821d-4872-83e6-e8395a39c526,CELL_LINE,ACTIVE,LabA_MSP,2,1,true,true,false,false,false,PASS,PASS
bio:cell_line:9a17cbe5-341f-4049-a88a-7d53ac7d67fe,CELL_LINE,ACTIVE,LabA_MSP,3,1,true,true,true,false,false,FAIL,FAIL
bio:plasmid:be96a385-33b9-4f2c-9ad3-9eb2672227d8,PLASMID,ACTIVE,BioRepository_MSP,2,3,true,true,false,false,true,FAIL,FAIL
bio:plasmid:1e21bf2c-03d2-4e0f-ac1b-2fa5de87fb5f,PLASMID,ACTIVE,LabB_MSP,2,2,true,true,false,false,false,PASS,PASS
bio:cell_line:b1b32aec-1841-4c75-a79d-ba26f2212fbe,CELL_LINE,ACTIVE,LabB_MSP,3,3,true,true,false,false,false,PASS,PASS
bio:cell_line:f3923504-a400-4918-ad32-d2b3013b8f8c,CELL_LINE,ACTIVE,BioRepository_MSP,2,2,true,true,false,false,true,FAIL,FAIL
bio:plasmid:41c87bb3-7090-4e7d-8aad-cf752d0e47de,PLASMID,REVOKED,LabB_MSP,3,2,true,true,false,false,false,FAIL,FAIL
bio:plasmid:f638810a-0f75-4879-a8f0-860ce00f65bd,PLASMID,ACTIVE,LabB_MSP,3,3,true,true,true,false,false,FAIL,FAIL
bio:cell_line:c9f883c4-7357-4db1-bc25-aee0c205b880,CELL_LINE,ACTIVE,LabB_MSP,2,2,true,true,false,false,false,PASS,PASS
bio:plasmid:0a3b6223-90f6-463d-92d1-c2171c0470b3,PLASMID,ACTIVE,BioRepository_MSP,3,2,true,true,false,false,false,PASS,PASS
bio:plasmid:55b037fb-a583-4678-93b3-36d13437016a,PLASMID,ACTIVE,LabB_MSP,3,1,true,true,false,false,false,PASS,PASS
bio:cell_line:7584b0ba-d651-4305-9e75-c2417e5e0615,CELL_LINE,ACTIVE,LabB_MSP,2,1,true,true,false,false,false,PASS,PASS
bio:cell_line:df0e5cb3-603a-43f1-a8c5-b11f6a2036fc,CELL_LINE,ACTIVE,LabB_MSP,3,1,true,true,false,false,false,PASS,PASS
bio:cell_line:cc235c01-1d9c-4810-9124-25df546c7096,CELL_LINE,ACTIVE,LabB_MSP,3,1,true,true,false,false,false,PASS,PASS
bio:cell_line:d35dfa8f-c0a2-48ee-9c00-c253a57d0e14,CELL_LINE,ACTIVE,BioRepository_MSP,2,2,true,true,false,false,false,PASS,PASS
bio:plasmid:1cd00470-b0bb-4df4-a92b-257c477df837,PLASMID,QUARANTINED,BioRepository_MSP,3,2,true,true,false,false,false,FAIL,FAIL
bio:plasmid:bbeb79a6-b378-46b6-818f-9d467c481c3c,PLASMID,ACTIVE,LabA_MSP,2,2,true,true,false,false,false,PASS,PASS
bio:cell_line:9bd82dd2-6515-409f-88b7-a261e9e32feb,CELL_LINE,ACTIVE,LabA_MSP,3,3,true,true,true,false,false,FAIL,FAIL
bio:cell_line:18b7c078-1dc3-41ef-a255-2c94afba14c6,CELL_LINE,ACTIVE,LabA_MSP,2,2,true,true,false,false,false,PASS,PASS
bio:cell_line:e8516903-756c-4354-babf-cf5d4663734b,CELL_LINE,ACTIVE,LabA_MSP,2,3,true,true,false,false,false,PASS,PASS
bio:cell_line:baed1101-827e-440a-a2d1-908bec2ae28a,CELL_LINE,ACTIVE,LabB_MSP,2,1,true,true,false,false,false,PASS,PASS
bio:cell_line:32916501-e608-4f2e-a1fa-b914f579b41a,CELL_LINE,ACTIVE,LabA_MSP,3,1,true,true,false,false,false,PASS,PASS
bio:cell_line:413938b7-a1e2-4cfe-baba-2cc0de96db40,CELL_LINE,ACTIVE,LabB_MSP,3,3,true,true,true,false,false,FAIL,FAIL
bio:plasmid:f2a44e94-1789-457b-87f3-2e96b109f135,PLASMID,ACTIVE,LabA_MSP,2,1,true,true,false,false,false,PASS,PASS
bio:plasmid:5fc2941c-62e7-47a8-9164-236d45f7c5c1,PLASMID,ACTIVE,LabB_MSP,3,2,true,true,false,false,false,PASS,PASS
bio:cell_line:d81dcaf5-e465-4ae5-b5b4-2cbaa94ee74a,CELL_LINE,ACTIVE,LabB_MSP,3,1,true,true,false,false,false,PASS,PASS
bio:plasmid:02c8b9b3-22e7-4a10-9852-2d0b4b1ec505,PLASMID,ACTIVE,BioRepository_MSP,2,2,true,true,true,false,false,FAIL,FAIL
bio:cell_line:cbf68487-d2b7-4c15-b5d7-4cecc08ea389,CELL_LINE,ACTIVE,BioRepository_MSP,2,2,true,true,false,false,false,PASS,PASS
bio:cell_line:091ebbb7-3d82-449a-8494-8930499ecc19,CELL_LINE,ACTIVE,BioRepository_MSP,2,2,true,true,false,false,false,PASS,PASS
bio:cell_line:d7ec34be-05e6-43be-a6dc-e9e6949668ad,CELL_LINE,ACTIVE,LabB_MSP,3,1,true,true,false,false,false,PASS,PASS
bio:cell_line:5e377221-68e9-407a-9590-d21179992451,CELL_LINE,ACTIVE,LabA_MSP,3,2,true,true,false,false,false,PASS,PASS
bio:plasmid:6bb1ba9f-40d9-46b2-98bc-33ee57983949,PLASMID,ACTIVE,LabA_MSP,3,1,true,true,false,false,false,PASS,PASS
bio:cell_line:d4da7b5f-1204-4892-812a-34e8589030d8,CELL_LINE,ACTIVE,LabB_MSP,2,1,true,true,false,true,false,PASS,FAIL
bio:cell_line:7bb7643e-e794-48ca-a034-392ffe2c2cd4,CELL_LINE,ACTIVE,BioRepository_MSP,3,2,true,true,false,false,true,FAIL,FAIL
bio:plasmid:f18a1777-9bab-4a00-a578-033a56b09269,PLASMID,ACTIVE,LabA_MSP,3,1,true,true,true,false,false,FAIL,FAIL
bio:cell_line:91ad337f-af00-4884-a159-87dfc43e0886,CELL_LINE,ACTIVE,LabB_MSP,2,3,true,true,false,false,false,PASS,PASS
bio:plasmid:e0fed8e9-6c2c-4088-8fa9-6703e19b5a73,PLASMID,ACTIVE,BioRepository_MSP,2,2,true,true,false,false,false,PASS,PASS
bio:cell_line:eb4954db-80c7-497f-999a-a47210678897,CELL_LINE,ACTIVE,BioRepository_MSP,3,2,true,true,true,false,false,FAIL,FAIL
bio:cell_line:8f3b1fa3-fb46-4925-906f-6fb3c63d6d2c,CELL_LINE,ACTIVE,BioRepository_MSP,2,3,true,true,false,false,false,PASS,PASS
bio:plasmid:fc55300f-5f3c-464e-b7a0-dde1f8fe2f3a,PLASMID,ACTIVE,LabA_MSP,2,1,true,true,false,false,false,PASS,PASS
bio:cell_line:62e4cece-bde9-45f6-9fd6-832255df1a00,CELL_LINE,ACTIVE,LabA_MSP,3,1,true,true,false,false,false,PASS,PASS
bio:plasmid:d8dcd9ad-f81d-4a18-81af-654d029d0e7b,PLASMID,ACTIVE,LabB_MSP,2,3,true,true,false,false,false,PASS,PASS
bio:cell_line:4be2dbd8-8859-4096-ae23-846f95028bf5,CELL_LINE,ACTIVE,LabB_MSP,3,1,true,true,true,false,false,FAIL,FAIL
bio:cell_line:ee41a6f2-988b-4d4c-836c-2ced3cf836a9,CELL_LINE,ACTIVE,LabA_MSP,3,1,true,true,false,false,false,PASS,PASS
bio:plasmid:e9acc860-8a4b-46d4-9c3e-3c65022fc7c2,PLASMID,ACTIVE,LabB_MSP,2,3,true,true,false,false,false,PASS,PASS
bio:cell_line:628ffb0e-b4f6-42c5-8272-f5887c5e7cf4,CELL_LINE,ACTIVE,BioRepository_MSP,2,3,true,true,false,false,true,FAIL,FAIL
bio:cell_line:6201335e-63a0-464a-bb65-1aaa27a7a814,CELL_LINE,ACTIVE,LabB_MSP,3,1,true,true,false,false,false,PASS,PASS
bio:cell_line:85baee06-1ca8-4ce5-b2ed-602991e6284d,CELL_LINE,ACTIVE,BioRepository_MSP,3,2,true,true,false,false,false,PASS,PASS
bio:cell_line:5d3a3884-d3ca-4635-a124-f400e4b3e353,CELL_LINE,ACTIVE,LabA_MSP,2,1,true,true,false,false,false,PASS,PASS
bio:cell_line:8f103eab-c237-4aef-b3d8-6b2ab546de5b,CELL_LINE,ACTIVE,LabA_MSP,2,3,true,true,false,false,false,PASS,PASS
bio:cell_line:65aa21b4-6fee-4e05-848b-9407aea908fd,CELL_LINE,ACTIVE,LabA_MSP,2,2,true,true,false,false,false,PASS,PASS
bio:cell_line:5f702842-2569-436e-83c6-210483c27be8,CELL_LINE,ACTIVE,LabA_MSP,3,1,true,true,false,false,false,PASS,PASS
bio:cell_line:f3ea22da-3d4e-4bff-88c3-606dcc393a4b,CELL_LINE,ACTIVE,BioRepository_MSP,2,3,true,true,false,false,false,PASS,PASS
bio:plasmid:ee9fc5c8-9f43-4363-8333-936bc7aea172,PLASMID,ACTIVE,LabA_MSP,3,3,true,true,false,false,false,PASS,PASS
bio:cell_line:8a484dfa-8853-4a72-a863-f6e09f8be35a,CELL_LINE,ACTIVE,BioRepository_MSP,3,2,true,true,false,false,false,PASS,PASS
bio:plasmid:f6a279f2-ae9b-4994-9dd1-db7075c4a7c3,PLASMID,ACTIVE,LabA_MSP,2,3,true,true,false,false,false,PASS,PASS
bio:plasmid:87bd71d5-651f-48d1-83c7-7e2d589b2716,PLASMID,ACTIVE,LabA_MSP,2,2,true,true,false,false,false,PASS,PASS
bio:cell_line:a7d4bc2b-3ffc-4a70-aad7-e7fad289bd1c,CELL_LINE,ACTIVE,BioRepository_MSP,2,3,true,true,false,false,true,FAIL,FAIL
bio:plasmid:7811e6a2-9137-4c86-b4b8-1170320d67a5,PLASMID,ACTIVE,BioRepository_MSP,2,3,true,true,false,false,false,PASS,PASS
bio:cell_line:cb848082-64e1-4f9e-8902-873fa131460a,CELL_LINE,ACTIVE,BioRepository_MSP,2,3,true,true,false,false,true,FAIL,FAIL
bio:plasmid:fbf4df12-053c-4244-8a87-df67668ec9b4,PLASMID,ACTIVE,BioRepository_MSP,2,3,true,true,false,false,false,PASS,PASS
bio:plasmid:716786a4-2ad6-4c13-a84a-44540bec0701,PLASMID,ACTIVE,LabB_MSP,3,1,true,true,false,false,false,PASS,PASS
bio:plasmid:fcca8b4e-bcc2-4549-a567-d9b41dc7941e,PLASMID,ACTIVE,LabB_MSP,2,1,true,true,false,false,false,PASS,PASS
bio:cell_line:1d57800e-349b-44d0-8989-2f699a051f67,CELL_LINE,ACTIVE,BioRepository_MSP,2,2,true,true,false,false,false,PASS,PASS
bio:plasmid:076185c6-1c45-463d-bca5-54e262a182c8,PLASMID,ACTIVE,LabB_MSP,2,3,true,true,true,false,false,FAIL,FAIL
bio:cell_line:fb2337aa-b3b4-4c5b-b444-26eadaf135ce,CELL_LINE,ACTIVE,LabA_MSP,2,1,true,true,false,false,false,PASS,PASS
bio:plasmid:f740cfe2-529e-4e5e-b1bc-93ccb1e822f9,PLASMID,ACTIVE,BioRepository_MSP,3,2,true,true,false,false,true,FAIL,FAIL
bio:cell_line:525be913-b1c3-42df-a6d0-935a9677c583,CELL_LINE,ACTIVE,LabB_MSP,2,3,true,true,false,false,false,PASS,PASS
bio:plasmid:54ccca94-bba8-42dd-a4e5-b1a177a0f7c8,PLASMID,ACTIVE,LabA_MSP,3,1,true,true,true,false,false,FAIL,FAIL
bio:plasmid:7dbfbc37-ef72-4c34-83d6-4ca134f2de95,PLASMID,ACTIVE,LabB_MSP,3,1,true,true,false,false,false,PASS,PASS
bio:plasmid:fa193557-f7bd-47c2-9b6c-41c6ee92b8e9,PLASMID,ACTIVE,LabA_MSP,3,3,true,true,false,false,false,PASS,PASS
bio:cell_line:d05f8992-ce31-4810-8803-f173a573a39f,CELL_LINE,ACTIVE,LabA_MSP,3,1,true,true,false,false,false,PASS,PASS
bio:plasmid:b1ed4fde-701c-4164-8fe1-c18b1310cf9a,PLASMID,ACTIVE,LabA_MSP,2,3,true,true,false,false,false,PASS,PASS
bio:plasmid:1c1f7e2e-f290-495c-903c-ede8b1e68c40,PLASMID,ACTIVE,LabB_MSP,2,1,true,true,true,false,false,FAIL,FAIL
bio:plasmid:6f27f7ed-5859-4881-b723-11bfec14ced3,PLASMID,ACTIVE,LabB_MSP,2,1,true,true,true,false,false,FAIL,FAIL
bio:cell_line:56ba88c8-66f4-401a-b9b3-bf3ef40248a3,CELL_LINE,ACTIVE,LabB_MSP,2,1,true,true,false,false,false,PASS,PASS
bio:cell_line:5598fc42-3e31-4618-84ee-51719a091df7,CELL_LINE,ACTIVE,LabB_MSP,3,1,true,true,false,false,false,PASS,PASS
bio:cell_line:d65dfae9-44ef-4381-89e3-777d6261b30a,CELL_LINE,ACTIVE,BioRepository_MSP,3,2,true,true,false,false,false,PASS,PASS
bio:cell_line:3be5f442-c463-4403-bd13-e693adee7b33,CELL_LINE,ACTIVE,LabB_MSP,2,2,true,true,false,false,false,PASS,PASS
bio:plasmid:13f79217-0254-4f85-8197-0381ef864db2,PLASMID,ACTIVE,BioRepository_MSP,3,2,true,true,false,false,false,PASS,PASS
bio:cell_line:b44fbae1-04bc-405a-9b25-2819659f2007,CELL_LINE,ACTIVE,BioRepository_MSP,3,2,true,true,false,false,false,PASS,PASS
bio:cell_line:d6c874aa-7d82-4de5-bdaf-8d6ad62614e2,CELL_LINE,ACTIVE,LabA_MSP,2,2,true,true,false,false,false,PASS,PASS
bio:cell_line:5085e86d-de52-45af-98cb-da063b7d6a34,CELL_LINE,ACTIVE,LabB_MSP,3,2,true,true,false,false,false,PASS,PASS
bio:cell_line:7544c080-6000-48ed-8c39-33a155bb51fd,CELL_LINE,ACTIVE,BioRepository_MSP,2,3,true,true,false,false,false,PASS,PASS
bio:plasmid:d9d80d48-e710-42f3-9f7b-3bbb669ccd5b,PLASMID,ACTIVE,LabB_MSP,2,1,true,true,false,false,false,PASS,PASS
bio:cell_line:0b1674c9-9dee-4165-a0a4-fc6ebd2e0880,CELL_LINE,ACTIVE,BioRepository_MSP,2,2,true,true,false,false,false,PASS,PASS
bio:cell_line:5ce7df74-7954-44d1-ad78-1406921c82b0,CELL_LINE,ACTIVE,LabB_MSP,2,3,true,true,false,false,false,PASS,PASS
bio:plasmid:6f37ad14-ef0a-4b74-af66-14f97b4c0486,PLASMID,ACTIVE,BioRepository_MSP,3,3,true,true,true,false,false,FAIL,FAIL
bio:plasmid:1470f46b-3932-4d53-87b6-a61b79b5f067,PLASMID,ACTIVE,LabA_MSP,3,1,true,true,false,false,false,PASS,PASS
bio:cell_line:431df864-f305-4981-ac39-e6bf7af76ea1,CELL_LINE,ACTIVE,LabA_MSP,3,2,true,true,false,false,false,PASS,PASS
bio:cell_line:b8dc07f0-5b90-4e36-ac8b-50dc1744a2cd,CELL_LINE,ACTIVE,LabB_MSP,2,1,true,true,false,false,false,PASS,PASS
bio:cell_line:f09a57a1-9d9c-49bc-b8a4-4f8c45722fd6,CELL_LINE,ACTIVE,BioRepository_MSP,3,3,true,true,false,false,false,PASS,PASS
bio:plasmid:38a13041-2abe-4ef7-9096-f58542a9b63f,PLASMID,ACTIVE,BioRepository_MSP,3,2,true,true,false,false,true,FAIL,FAIL
bio:cell_line:810320f4-becc-45cd-8ed1-1d37cde3527a,CELL_LINE,ACTIVE,BioRepository_MSP,2,2,true,true,false,false,false,PASS,PASS
bio:cell_line:4fbeb3f5-e034-45ea-a108-852354150338,CELL_LINE,ACTIVE,LabA_MSP,3,1,true,true,false,false,false,PASS,PASS
bio:plasmid:f4f71cee-ee2c-45c8-ab04-3c3a84299f52,PLASMID,ACTIVE,LabA_MSP,2,1,true,true,false,false,false,PASS,PASS
bio:cell_line:2165e7e4-871c-4194-9abd-6e867f166984,CELL_LINE,ACTIVE,LabA_MSP,2,2,true,true,false,false,false,PASS,PASS
bio:cell_line:dd2ff94c-4a9d-4335-8846-fd5ba0b40d4f,CELL_LINE,ACTIVE,LabA_MSP,2,3,true,true,true,false,false,FAIL,FAIL
bio:cell_line:a52e1279-4821-47d0-bf24-b2a4214af2e9,CELL_LINE,ACTIVE,LabB_MSP,2,1,true,true,false,true,false,PASS,FAIL
bio:cell_line:86060da1-9572-49f2-b1a5-e61c7f906449,CELL_LINE,ACTIVE,LabA_MSP,2,3,true,true,false,false,false,PASS,PASS
bio:plasmid:b95f8615-4264-49b0-85c7-6673f94057d2,PLASMID,ACTIVE,BioRepository_MSP,3,3,true,true,false,false,true,FAIL,FAIL
bio:cell_line:e62781af-14d4-42c5-bb50-b6263ffb5868,CELL_LINE,ACTIVE,LabA_MSP,3,3,true,true,false,false,false,PASS,PASS
bio:plasmid:3b46e6bd-1e6b-4510-978b-817edbcc70c4,PLASMID,ACTIVE,BioRepository_MSP,3,3,true,true,false,false,false,PASS,PASS
bio:cell_line:ffe9ba8f-6485-44aa-8d23-6748087ec19f,CELL_LINE,ACTIVE,LabA_MSP,3,2,true,true,false,false,false,PASS,PASS
bio:cell_line:fc4e2654-8fd0-4017-ac22-f707907ebc80,CELL_LINE,ACTIVE,LabA_MSP,2,3,true,true,false,false,false,PASS,PASS
bio:cell_line:6323483e-80ff-4180-bbae-6e2e8909de0f,CELL_LINE,ACTIVE,BioRepository_MSP,2,3,true,true,false,false,false,PASS,PASS
bio:cell_line:4ddccfcd-eeef-4cd5-94d9-cac0bde9eca7,CELL_LINE,ACTIVE,LabB_MSP,3,2,true,true,true,false,false,FAIL,FAIL
bio:cell_line:07010fee-98dd-4095-9121-c10912e138bf,CELL_LINE,ACTIVE,BioRepository_MSP,2,2,true,true,false,false,false,PASS,PASS
bio:cell_line:a8366593-cef8-4ea0-a164-c29557ae4eef,CELL_LINE,ACTIVE,BioRepository_MSP,2,3,true,true,false,false,false,PASS,PASS
bio:cell_line:ec18eb8f-3267-4021-b00a-0cdd6ead30ce,CELL_LINE,ACTIVE,LabB_MSP,3,2,true,true,false,false,false,PASS,PASS
bio:cell_line:613bc027-9ba7-4b91-81ba-2a299d094630,CELL_LINE,ACTIVE,LabA_MSP,3,3,true,true,false,false,false,PASS,PASS
bio:cell_line:08436226-92de-476a-8841-e305f224a3ea,CELL_LINE,ACTIVE,BioRepository_MSP,3,3,true,true,true,false,false,FAIL,FAIL
bio:plasmid:94578f0e-2898-4d74-8ce5-401da22bdd32,PLASMID,ACTIVE,BioRepository_MSP,2,2,true,true,false,false,false,PASS,PASS
bio:cell_line:4cedbb40-619f-4703-83ac-96fe19184aa2,CELL_LINE,ACTIVE,BioRepository_MSP,3,3,true,true,false,false,false,PASS,PASS
bio:plasmid:753eba41-ea51-44f3-b4ec-d5a0af513e3a,PLASMID,ACTIVE,LabA_MSP,3,1,true,true,true,false,false,FAIL,FAIL
bio:plasmid:7ff2d58f-179d-4cce-91c7-c07c7964828f,PLASMID,ACTIVE,LabA_MSP,2,3,true,true,false,false,false,PASS,PASS
bio:cell_line:531b4781-d331-40c0-a045-3df61830909b,CELL_LINE,ACTIVE,BioRepository_MSP,3,3,true,true,false,false,false,PASS,PASS
bio:cell_line:4c575350-490d-4804-a6c1-a3fec7e1b5b8,CELL_LINE,QUARANTINED,LabA_MSP,2,1,true,true,false,false,false,FAIL,FAIL
bio:cell_line:795adc21-5d4f-4c56-be8d-46c42a29a251,CELL_LINE,QUARANTINED,LabA_MSP,2,2,true,true,false,false,false,FAIL,FAIL
bio:cell_line:7d85a780-fdcd-4ffb-aad9-755560eaf9e1,CELL_LINE,ACTIVE,LabA_MSP,3,1,true,true,false,false,false,PASS,PASS
bio:cell_line:968491e6-c9a7-4e8d-b6a8-893d0f3d4830,CELL_LINE,ACTIVE,BioRepository_MSP,2,2,true,true,false,false,false,PASS,PASS
bio:cell_line:0bb0582b-c0b3-4342-86c7-78d2f2d1741d,CELL_LINE,ACTIVE,LabB_MSP,2,3,true,true,true,false,false,FAIL,FAIL
bio:cell_line:a5167979-26a5-477f-951f-ebef0b532399,CELL_LINE,ACTIVE,LabA_MSP,2,3,true,true,true,false,false,FAIL,FAIL
bio:plasmid:faa7c2a9-4096-4faa-8857-1ca2c68c2dc3,PLASMID,ACTIVE,LabB_MSP,3,3,true,true,true,false,false,FAIL,FAIL
bio:plasmid:e0fc7207-052c-46cb-8d1a-1b1878d13efc,PLASMID,ACTIVE,LabB_MSP,3,1,true,true,false,false,false,PASS,PASS
bio:cell_line:2587081c-6300-4ca2-b0f3-3095ae64f10c,CELL_LINE,ACTIVE,LabB_MSP,3,1,true,true,false,false,false,PASS,PASS
bio:plasmid:b25a30d5-603b-4f32-99a0-55bff2deb468,PLASMID,ACTIVE,BioRepository_MSP,3,2,true,true,false,false,false,PASS,PASS
bio:cell_line:33bd6c5f-0e33-4588-acf6-ec51f186a044,CELL_LINE,ACTIVE,LabA_MSP,3,1,true,true,false,false,false,PASS,PASS
bio:cell_line:87705db3-b7b4-4923-a62c-2d5568ace3e6,CELL_LINE,ACTIVE,LabB_MSP,3,1,true,true,false,false,false,PASS,PASS
bio:plasmid:567ba062-86c7-40ac-a5f7-5b819f558e35,PLASMID,ACTIVE,BioRepository_MSP,2,2,true,true,false,false,false,PASS,PASS
bio:plasmid:a7236283-2d8b-4592-b15f-00b6c091eb74,PLASMID,ACTIVE,LabB_MSP,2,3,true,true,false,false,false,PASS,PASS
bio:cell_line:ec7ed596-6ceb-4025-8940-765f049c0ec8,CELL_LINE,ACTIVE,LabB_MSP,2,2,true,true,false,false,false,PASS,PASS
bio:plasmid:4f372304-20b7-4271-b14b-0c1d633adbd0,PLASMID,ACTIVE,LabA_MSP,2,3,true,true,false,false,false,PASS,PASS
bio:plasmid:7665ae73-f780-4a0a-ab14-b2d1c1e069ba,PLASMID,ACTIVE,LabB_MSP,3,2,true,true,false,false,false,PASS,PASS
bio:plasmid:c20a844c-afde-4397-903d-1ea9abfcc03e,PLASMID,ACTIVE,LabA_MSP,3,1,true,true,false,false,false,PASS,PASS
bio:cell_line:39b6c25b-e477-40ad-b8e8-780af21746ee,CELL_LINE,ACTIVE,BioRepository_MSP,3,2,true,true,false,false,false,PASS,PASS
bio:plasmid:1395423a-71c9-4257-bb9c-52afe1c7970d,PLASMID,ACTIVE,LabA_MSP,3,3,true,true,true,false,false,FAIL,FAIL
bio:plasmid:840a56bf-6827-4251-b2b1-60c2191ac30f,PLASMID,ACTIVE,BioRepository_MSP,3,2,true,true,false,false,false,PASS,PASS
bio:plasmid:2ded17fd-a535-4b38-b68c-8a9bdfde8969,PLASMID,ACTIVE,LabA_MSP,2,3,true,true,false,false,false,PASS,PASS
bio:cell_line:34660dde-cdc8-49fd-b682-30e93d3701f1,CELL_LINE,ACTIVE,LabB_MSP,2,1,true,true,false,false,false,PASS,PASS
bio:cell_line:d2ae55b5-0a77-4ddb-acef-56936a449907,CELL_LINE,REVOKED,LabB_MSP,3,1,true,true,false,false,false,FAIL,FAIL
bio:plasmid:2b417685-474c-4f45-b03e-b99e5de9312d,PLASMID,QUARANTINED,BioRepository_MSP,3,2,true,true,false,false,true,FAIL,FAIL
bio:cell_line:7205ed50-7abb-4c0c-a8b4-05820c8ff0d9,CELL_LINE,ACTIVE,LabA_MSP,3,3,true,true,false,false,false,PASS,PASS
bio:plasmid:574b36bd-a5e2-4630-9f7f-7da0a80ffaf0,PLASMID,ACTIVE,LabA_MSP,3,1,true,true,false,false,false,PASS,PASS
bio:cell_line:3bc99a42-6ed9-48bb-a5c5-29f9e605d80a,CELL_LINE,ACTIVE,BioRepository_MSP,2,2,true,true,false,false,false,PASS,PASS
bio:cell_line:78eb21f4-3209-4588-840b-97fa483f9abb,CELL_LINE,ACTIVE,LabA_MSP,2,1,true,true,false,false,false,PASS,PASS
bio:cell_line:61a3b6b4-8519-4b1f-90bd-3873a789b5ba,CELL_LINE,ACTIVE,LabB_MSP,3,3,true,true,false,false,false,PASS,PASS
bio:cell_line:45f49960-1261-444e-b671-93da8ca7d654,CELL_LINE,ACTIVE,LabB_MSP,3,1,true,true,false,false,false,PASS,PASS
bio:cell_line:7df268be-2e77-4db0-9f3c-1940913f837f,CELL_LINE,ACTIVE,BioRepository_MSP,2,3,true,true,false,false,false,PASS,PASS
bio:cell_line:78c44edd-9f3b-4ee6-89f2-b892f6e5e96c,CELL_LINE,ACTIVE,BioRepository_MSP,2,2,true,true,false,false,false,PASS,PASS
bio:plasmid:0ee71bf4-8493-4ee1-b11c-b4aa318930c3,PLASMID,ACTIVE,LabB_MSP,3,2,true,true,false,false,false,PASS,PASS
bio:cell_line:fc71b64a-af3a-495c-8b00-88fa5635de70,CELL_LINE,ACTIVE,BioRepository_MSP,2,2,true,true,false,false,false,PASS,PASS
bio:cell_line:e345527f-d3c2-4fca-b850-35d9e63b8c10,CELL_LINE,ACTIVE,BioRepository_MSP,2,2,true,true,false,false,false,PASS,PASS
bio:cell_line:6ca21d07-b654-4297-a20e-50619cc0523e,CELL_LINE,ACTIVE,LabA_MSP,2,1,true,true,true,false,false,FAIL,FAIL
bio:cell_line:2198ecc2-f523-4ec0-a1a7-85c914460201,CELL_LINE,QUARANTINED,BioRepository_MSP,3,3,true,true,false,false,false,FAIL,FAIL
bio:cell_line:eee8af02-21d7-4690-b82f-204304c26643,CELL_LINE,ACTIVE,BioRepository_MSP,3,2,true,true,false,false,true,FAIL,FAIL
bio:cell_line:8c31da44-0665-40b9-86e3-c81eb4e23cc3,CELL_LINE,QUARANTINED,LabA_MSP,3,2,true,true,false,false,false,FAIL,FAIL
bio:plasmid:8d5e6a87-ecab-403b-935d-6a1b5f337188,PLASMID,ACTIVE,LabA_MSP,3,3,true,true,false,false,false,PASS,PASS
bio:cell_line:6bdb032c-c071-4a98-820a-116ec1f3807f,CELL_LINE,ACTIVE,BioRepository_MSP,3,2,true,true,false,false,false,PASS,PASS
bio:plasmid:82e5723c-ab47-4e5a-b8d9-d7ae8cf83d08,PLASMID,ACTIVE,BioRepository_MSP,3,2,true,true,true,false,false,FAIL,FAIL
bio:cell_line:2c0da137-851c-4341-9981-1871371c329f,CELL_LINE,ACTIVE,LabB_MSP,3,3,true,true,false,false,false,PASS,PASS
bio:plasmid:651df1e2-2fc4-4163-a76a-d95edd4c12ef,PLASMID,ACTIVE,LabA_MSP,2,1,true,true,false,false,false,PASS,PASS
bio:cell_line:d517bfaa-8e39-4b04-8675-fe2d749a27b7,CELL_LINE,ACTIVE,LabB_MSP,2,1,true,true,false,false,false,PASS,PASS
bio:cell_line:3fcf57e3-6537-4ea1-952c-0e239f55d2ab,CELL_LINE,ACTIVE,LabA_MSP,2,2,true,true,false,false,false,PASS,PASS
bio:cell_line:02f4c2b6-7450-46f2-b2fb-2fdb6be21dd1,CELL_LINE,ACTIVE,LabA_MSP,3,3,true,true,false,false,false,PASS,PASS
bio:cell_line:a458b8ac-8506-4ca3-b441-caa2e498a6e2,CELL_LINE,ACTIVE,LabB_MSP,3,3,true,true,false,false,false,PASS,PASS
bio:plasmid:dc7e1a00-a3f9-4b3c-8810-2ddf93399bf3,PLASMID,ACTIVE,LabA_MSP,2,2,true,true,false,false,false,PASS,PASS
bio:cell_line:03296e6b-27c3-4345-ab6e-e1b1ebe1415f,CELL_LINE,ACTIVE,BioRepository_MSP,3,2,true,true,false,false,false,PASS,PASS
bio:cell_line:db689b1d-3817-4626-b577-dc36b6c65ed4,CELL_LINE,ACTIVE,LabB_MSP,2,3,true,true,true,false,false,FAIL,FAIL
bio:cell_line:5520f170-97fb-44ae-9049-5c39fcd7a17c,CELL_LINE,QUARANTINED,LabA_MSP,3,3,true,true,false,false,false,FAIL,FAIL
bio:cell_line:110742dd-c648-4784-b9e9-1e2b1e62cbe5,CELL_LINE,ACTIVE,LabA_MSP,2,1,true,true,true,false,false,FAIL,FAIL
bio:cell_line:bfbab8fe-1639-45a6-bcac-2eb37982a0f8,CELL_LINE,ACTIVE,BioRepository_MSP,2,3,true,true,false,false,false,PASS,PASS
bio:cell_line:69de0ead-8028-4b20-a7a9-b020e253bbd5,CELL_LINE,ACTIVE,LabB_MSP,2,3,true,true,false,false,false,PASS,PASS
bio:plasmid:c956a0d6-5f8a-46fc-85fc-f24875277567,PLASMID,ACTIVE,LabB_MSP,3,1,true,true,false,true,false,PASS,FAIL
bio:plasmid:f57b4426-39a0-4243-9cdb-88497648d346,PLASMID,ACTIVE,LabB_MSP,3,1,true,true,true,false,false,FAIL,FAIL
bio:cell_line:20084ec1-7c05-4b44-b3c5-1c2e3241661b,CELL_LINE,ACTIVE,LabA_MSP,2,1,true,true,false,false,false,PASS,PASS
bio:cell_line:ccbea770-459f-404b-af2a-24366b08b37d,CELL_LINE,ACTIVE,LabA_MSP,2,1,true,true,false,false,false,PASS,PASS
bio:cell_line:b4b6de92-5041-415a-94d5-ca02861e4dd7,CELL_LINE,ACTIVE,LabA_MSP,2,1,true,true,false,false,false,PASS,PASS
bio:cell_line:946647ca-6e5d-4594-916f-3e43aadd24a9,CELL_LINE,ACTIVE,LabA_MSP,3,3,true,true,true,false,false,FAIL,FAIL
bio:cell_line:b5a534ac-931f-485e-b648-1f31247e48b0,CELL_LINE,ACTIVE,LabA_MSP,2,1,true,true,false,false,false,PASS,PASS
bio:cell_line:1e4e9042-6962-4c58-84dd-247d14bcaf33,CELL_LINE,REVOKED,LabB_MSP,2,1,true,true,true,true,false,FAIL,FAIL
bio:plasmid:cbd3a67d-bd90-41d1-87e4-ee9503521f7f,PLASMID,ACTIVE,LabB_MSP,2,1,true,true,false,false,false,PASS,PASS
bio:cell_line:254bddf2-8dd9-4cd0-a2fd-1933bd690af5,CELL_LINE,ACTIVE,LabA_MSP,3,1,true,true,false,false,false,PASS,PASS
bio:cell_line:15242ef4-4ede-413d-a19b-b444309864d5,CELL_LINE,ACTIVE,BioRepository_MSP,2,3,true,true,false,false,true,FAIL,FAIL
bio:cell_line:077f9c6a-e382-48d1-8557-d526907fb0a9,CELL_LINE,ACTIVE,BioRepository_MSP,2,2,true,true,false,false,false,PASS,PASS
bio:plasmid:f498eae7-0f6c-4d35-a020-64d463c6cb19,PLASMID,ACTIVE,BioRepository_MSP,2,2,true,true,true,false,false,FAIL,FAIL
bio:plasmid:f850b195-c030-44a0-927b-2fba93bd1263,PLASMID,ACTIVE,BioRepository_MSP,3,2,true,true,false,false,false,PASS,PASS
bio:cell_line:e0b17cbf-8ab4-4263-85da-4c397500d95d,CELL_LINE,ACTIVE,BioRepository_MSP,3,2,true,true,false,false,false,PASS,PASS
bio:cell_line:874f6d0d-1368-4759-9f9f-31e71f0e401d,CELL_LINE,ACTIVE,LabB_MSP,3,1,true,true,false,false,false,PASS,PASS
bio:plasmid:b59f3f92-4a61-4ad7-9f45-a379f1778916,PLASMID,ACTIVE,LabB_MSP,2,2,true,true,false,false,false,PASS,PASS
bio:cell_line:2c08eb6d-afd1-478b-9316-57aea4d1e70a,CELL_LINE,ACTIVE,LabA_MSP,2,3,true,true,false,false,false,PASS,PASS
bio:cell_line:d8ac0bf3-d65a-4418-9804-90f9353fcdb1,CELL_LINE,ACTIVE,LabA_MSP,3,1,true,true,false,false,false,PASS,PASS
bio:cell_line:05b399cc-f2d4-4523-ba5f-1b384eeb3cf1,CELL_LINE,ACTIVE,LabB_MSP,2,2,true,true,true,false,false,FAIL,FAIL
bio:plasmid:a256ac8d-78fe-43cb-815e-59c6015e6000,PLASMID,ACTIVE,LabB_MSP,3,1,true,true,false,true,false,PASS,FAIL
bio:plasmid:6ffa0462-cdde-468f-8c50-343d5f782e89,PLASMID,ACTIVE,LabB_MSP,2,1,true,true,false,false,false,PASS,PASS
bio:cell_line:28a4608a-3660-4ef2-8042-ae32d491b28c,CELL_LINE,ACTIVE,BioRepository_MSP,3,2,true,true,false,false,false,PASS,PASS
bio:cell_line:8627aaa6-bc46-48b1-a9c0-592c613d9714,CELL_LINE,ACTIVE,LabA_MSP,3,3,true,true,false,false,false,PASS,PASS
bio:plasmid:151354e2-65c9-4afe-b2ed-f2884126122e,PLASMID,ACTIVE,LabB_MSP,2,1,true,true,false,false,false,PASS,PASS
bio:cell_line:b646c5bb-d983-4652-91fa-2e036a4ef95d,CELL_LINE,ACTIVE,BioRepository_MSP,2,2,true,true,true,false,false,FAIL,FAIL
bio:cell_line:c55e7b28-a92d-4b2f-81dc-f5fc9193a60d,CELL_LINE,ACTIVE,LabB_MSP,2,3,true,true,true,false,false,FAIL,FAIL
bio:cell_line:84538822-cf3a-4457-a527-08bed93e2c3b,CELL_LINE,ACTIVE,LabB_MSP,2,3,true,true,false,false,false,PASS,PASS
bio:plasmid:d057afca-1452-49e7-9966-6be406e6c29b,PLASMID,ACTIVE,LabA_MSP,3,1,true,true,false,false,false,PASS,PASS
bio:cell_line:34894209-422f-4e33-9503-8da1bf3cb723,CELL_LINE,ACTIVE,LabB_MSP,3,1,true,true,false,false,false,PASS,PASS
bio:plasmid:0d2f8edc-9224-4518-90e0-ab54e09f5fa8,PLASMID,ACTIVE,LabA_MSP,2,3,true,true,false,false,false,PASS,PASS
bio:cell_line:c404072e-68d7-4031-b24b-f1d4ddd0b5cc,CELL_LINE,REVOKED,LabB_MSP,3,2,true,true,false,false,false,FAIL,FAIL
bio:plasmid:d2404117-8ebd-420e-85be-61e8151ecb50,PLASMID,ACTIVE,BioRepository_MSP,3,2,true,true,false,false,false,PASS,PASS
bio:cell_line:560b84cb-a260-493e-8820-c54703002e32,CELL_LINE,ACTIVE,BioRepository_MSP,2,3,true,true,false,false,false,PASS,PASS
bio:cell_line:f0334c00-ac5f-4c7d-86f2-4a78279841ac,CELL_LINE,ACTIVE,BioRepository_MSP,2,2,true,true,false,false,false,PASS,PASS
bio:plasmid:fb06e724-6577-45ed-9aef-0b930199f87a,PLASMID,ACTIVE,LabB_MSP,2,1,true,true,false,false,false,PASS,PASS
bio:cell_line:e5f51d62-a9a1-49bf-9dfc-4b47dafd79a8,CELL_LINE,ACTIVE,LabB_MSP,3,1,true,true,false,false,false,PASS,PASS
bio:cell_line:085ed03b-2e22-4e44-8d0a-4fd129ad0ad5,CELL_LINE,ACTIVE,LabB_MSP,2,3,true,true,false,false,false,PASS,PASS
bio:cell_line:7a3dd84e-ee21-4d9d-aa95-7e9c22c1e6f2,CELL_LINE,ACTIVE,BioRepository_MSP,3,1,true,true,false,false,true,FAIL,FAIL
bio:cell_line:4cc1c119-ce01-4b0b-a39f-9003501c64e4,CELL_LINE,ACTIVE,BioRepository_MSP,3,2,true,true,false,false,true,FAIL,FAIL
bio:plasmid:1ef106c4-b741-46f8-b3b0-f6c01b73f3d0,PLASMID,ACTIVE,BioRepository_MSP,2,2,true,true,false,false,true,FAIL,FAIL
bio:cell_line:17b5439f-778d-448d-a39a-6e9aafef7f4e,CELL_LINE,ACTIVE,BioRepository_MSP,3,2,true,true,false,false,false,PASS,PASS
bio:cell_line:60654c71-b6bb-42be-b5e6-b39165410779,CELL_LINE,ACTIVE,BioRepository_MSP,2,2,true,true,false,false,false,PASS,PASS
bio:cell_line:03db1366-cd0e-4bf5-b7ab-adaf5631e51f,CELL_LINE,ACTIVE,BioRepository_MSP,3,2,true,true,false,false,false,PASS,PASS
bio:plasmid:50445600-a84d-4bef-8793-09c077dadfab,PLASMID,ACTIVE,LabB_MSP,3,3,true,true,false,false,false,PASS,PASS
bio:cell_line:341b31c8-75a1-4340-98ae-72259a423510,CELL_LINE,ACTIVE,BioRepository_MSP,3,3,true,true,false,false,false,PASS,PASS
bio:cell_line:90829205-3067-498a-b346-2e00903c8776,CELL_LINE,ACTIVE,BioRepository_MSP,2,3,true,true,false,false,false,PASS,PASS
bio:plasmid:417761dc-588b-4372-9f57-b17ef7d415ef,PLASMID,ACTIVE,LabB_MSP,3,3,true,true,false,false,false,PASS,PASS
bio:plasmid:b40587ba-1c43-4698-b012-d2db2f615aea,PLASMID,ACTIVE,LabB_MSP,2,1,true,true,false,false,false,PASS,PASS
bio:plasmid:877749a5-da5b-4b4c-9a31-ec0529124b8e,PLASMID,ACTIVE,LabA_MSP,3,1,true,true,false,false,false,PASS,PASS
bio:cell_line:bbf2a085-a5cd-4154-affa-02b2a31792a8,CELL_LINE,ACTIVE,LabA_MSP,3,1,true,true,false,false,false,PASS,PASS
bio:cell_line:32f77477-c927-42c3-b078-0fadbd65d304,CELL_LINE,REVOKED,LabB_MSP,2,3,true,true,false,false,false,FAIL,FAIL
bio:cell_line:51b925fb-104b-4a1a-8f86-8922b6398571,CELL_LINE,ACTIVE,LabA_MSP,2,2,true,true,true,false,false,FAIL,FAIL
bio:cell_line:bd8f5040-0f44-4b9e-815a-d889c965d4d8,CELL_LINE,ACTIVE,BioRepository_MSP,2,1,true,true,false,false,true,FAIL,FAIL
bio:cell_line:848a478c-7cf7-44d9-82bb-581beaafca27,CELL_LINE,ACTIVE,BioRepository_MSP,3,2,true,true,true,false,true,FAIL,FAIL
bio:cell_line:038523b0-5477-4aab-8d0b-f303f7600584,CELL_LINE,ACTIVE,LabA_MSP,2,1,true,true,false,false,false,PASS,PASS
bio:cell_line:09a744d6-1ece-4a65-a41b-3db245f12a68,CELL_LINE,ACTIVE,LabA_MSP,2,3,true,true,false,false,false,PASS,PASS
bio:cell_line:b700625e-32a9-4646-99f4-d0dc1101f992,CELL_LINE,ACTIVE,BioRepository_MSP,2,2,true,true,false,false,true,FAIL,FAIL
bio:cell_line:78a4757d-5e73-4da2-93eb-d99f223e7388,CELL_LINE,ACTIVE,BioRepository_MSP,2,3,true,true,false,false,true,FAIL,FAIL
bio:cell_line:b945a91e-aec2-4232-b79d-ec7354df4cf2,CELL_LINE,ACTIVE,LabB_MSP,2,3,true,true,true,false,false,FAIL,FAIL
bio:plasmid:49a0b448-34ca-427b-889e-898a9ae78000,PLASMID,ACTIVE,BioRepository_MSP,2,2,true,true,false,false,false,PASS,PASS
bio:plasmid:5b1af8c9-dc7c-4b8d-9dea-97464cfa81ca,PLASMID,ACTIVE,BioRepository_MSP,2,3,true,true,false,false,true,FAIL,FAIL
bio:plasmid:6d8ca406-a705-41ce-b8a2-cee162a3e8d3,PLASMID,ACTIVE,LabA_MSP,3,2,true,true,false,false,false,PASS,PASS
bio:cell_line:b7ac2741-e888-473e-ae55-64c9d449362e,CELL_LINE,ACTIVE,LabA_MSP,2,3,true,true,false,false,false,PASS,PASS
bio:cell_line:344a6828-1fe6-47bc-9cfe-08f66ec2d63c,CELL_LINE,ACTIVE,LabB_MSP,3,1,true,true,true,false,false,FAIL,FAIL
bio:plasmid:b9cd9e48-d3c3-4a2c-b1c6-0e9aa639383e,PLASMID,ACTIVE,LabB_MSP,2,1,true,true,false,false,false,PASS,PASS
bio:cell_line:bf7d048c-0ef6-4408-9996-521b2ada829d,CELL_LINE,ACTIVE,BioRepository_MSP,2,2,true,true,false,false,false,PASS,PASS
bio:cell_line:727b94a2-3165-45d7-89d9-e321430f261e,CELL_LINE,ACTIVE,LabA_MSP,3,2,true,true,false,false,false,PASS,PASS
bio:plasmid:0f92535f-13ef-4ef0-af46-5c831e7219e6,PLASMID,QUARANTINED,BioRepository_MSP,3,2,true,true,false,false,false,FAIL,FAIL
bio:cell_line:82c1bbcd-6725-4644-bf5e-e1b89da0ed7b,CELL_LINE,ACTIVE,LabA_MSP,3,3,true,true,false,false,false,PASS,PASS
bio:plasmid:74e649a8-7957-4cfb-ad72-7797dbe4c4c8,PLASMID,ACTIVE,LabB_MSP,3,2,true,true,false,false,false,PASS,PASS
bio:plasmid:7e72d1c6-5550-453f-bbe4-8e9852107daa,PLASMID,ACTIVE,BioRepository_MSP,3,3,true,true,false,false,false,PASS,PASS
bio:cell_line:2ecea99d-dbfb-4f62-a822-b11c1237a6c8,CELL_LINE,ACTIVE,LabB_MSP,3,2,true,true,false,false,false,PASS,PASS
bio:plasmid:70b8e64a-53f2-42fe-bb97-b44864da914a,PLASMID,ACTIVE,LabB_MSP,2,3,true,true,true,false,false,FAIL,FAIL
bio:cell_line:17292733-8bb4-4afb-b28b-b1bde396f1f1,CELL_LINE,ACTIVE,LabA_MSP,3,3,true,true,false,false,false,PASS,PASS
bio:plasmid:1e5ea148-f4cc-49fd-a93e-5a27bc1dcc6d,PLASMID,ACTIVE,LabA_MSP,2,1,true,true,false,false,false,PASS,PASS
bio:cell_line:18c8ef15-6960-4cca-9456-87246fd3d592,CELL_LINE,ACTIVE,LabB_MSP,2,1,true,true,false,false,false,PASS,PASS
bio:cell_line:63ba9c62-d668-4d39-b62a-1b816a866d24,CELL_LINE,ACTIVE,LabA_MSP,2,1,true,true,false,false,false,PASS,PASS
bio:cell_line:1a4f4ab4-03ff-4159-a695-a590b91f3dcb,CELL_LINE,ACTIVE,LabA_MSP,2,3,true,true,false,false,false,PASS,PASS
bio:cell_line:c133f5da-6808-42a1-841d-c37853fe7aba,CELL_LINE,ACTIVE,LabB_MSP,3,2,true,true,false,false,false,PASS,PASS
bio:cell_line:98851bd5-d52d-4455-a893-e8c5a8888752,CELL_LINE,ACTIVE,BioRepository_MSP,2,2,true,true,false,false,true,FAIL,FAIL
bio:cell_line:eb102879-4147-407d-9dd6-55e042b4cb59,CELL_LINE,ACTIVE,LabA_MSP,2,3,true,true,false,false,false,PASS,PASS
bio:cell_line:111b91a3-2df5-4adf-b85c-2a3d127d9d30,CELL_LINE,ACTIVE,LabA_MSP,2,3,true,true,false,false,false,PASS,PASS
bio:plasmid:174fcc23-2be5-41bb-ad3a-507640e0b43b,PLASMID,ACTIVE,LabA_MSP,2,1,true,true,true,false,false,FAIL,FAIL
bio:cell_line:cff32ac1-2176-42bf-a0de-e8e30c579c8c,CELL_LINE,ACTIVE,LabB_MSP,3,1,true,true,false,false,false,PASS,PASS
bio:cell_line:00bba0e8-c4fc-4ab6-8617-119ea86144dc,CELL_LINE,ACTIVE,LabA_MSP,3,1,true,true,false,false,false,PASS,PASS
bio:plasmid:2ea828fe-cd4a-452e-9861-23d26f3b5fb6,PLASMID,ACTIVE,LabA_MSP,2,3,true,true,false,false,false,PASS,PASS
bio:plasmid:32409645-c13d-4366-b33f-036c6fdee0d1,PLASMID,ACTIVE,BioRepository_MSP,2,2,true,true,true,false,false,FAIL,FAIL
bio:cell_line:fce29786-e808-4165-a745-92d350543d18,CELL_LINE,ACTIVE,LabA_MSP,2,1,true,true,false,false,false,PASS,PASS
bio:plasmid:cb6f2519-14e5-46d3-9019-5f0244d22138,PLASMID,ACTIVE,LabA_MSP,3,1,true,true,false,false,false,PASS,PASS
bio:cell_line:f5ace4c2-55f5-4936-995e-5fcf129f6d32,CELL_LINE,ACTIVE,LabA_MSP,2,1,true,true,true,false,false,FAIL,FAIL
bio:cell_line:f597202d-eae5-4074-9443-59c6560384ca,CELL_LINE,ACTIVE,LabB_MSP,3,1,true,true,false,false,false,PASS,PASS
bio:plasmid:ce14ab6b-d194-4fad-a40e-2b95f31efa3d,PLASMID,ACTIVE,LabB_MSP,2,2,true,true,false,false,false,PASS,PASS
bio:cell_line:864e4bd2-57d2-4b08-96ea-7435fb7a27ea,CELL_LINE,ACTIVE,LabA_MSP,2,1,true,true,false,false,false,PASS,PASS
bio:cell_line:6c2fccde-5c27-40b8-a8f2-09398ca88e4b,CELL_LINE,ACTIVE,LabA_MSP,2,2,true,true,false,false,false,PASS,PASS
bio:cell_line:41415998-d8e9-4129-b63f-f2022b17d2bf,CELL_LINE,ACTIVE,LabB_MSP,3,1,true,true,false,false,false,PASS,PASS
bio:plasmid:280dc667-feb3-4405-b11c-309d16dfefd5,PLASMID,ACTIVE,LabB_MSP,3,1,true,true,false,false,false,PASS,PASS
bio:plasmid:6c622ef0-ce1e-4e2b-882a-fca760c3e2d5,PLASMID,ACTIVE,LabB_MSP,3,2,true,true,false,false,false,PASS,PASS
bio:cell_line:5d26b260-7e43-45e0-a14f-7cf272491708,CELL_LINE,ACTIVE,LabA_MSP,2,1,true,true,false,false,false,PASS,PASS
bio:cell_line:f54e5297-e05d-4c95-bba2-ca3a7b78df9b,CELL_LINE,ACTIVE,BioRepository_MSP,2,3,true,true,false,false,false,PASS,PASS
bio:cell_line:34e0454a-a495-4c58-9c8a-39c715be4c80,CELL_LINE,ACTIVE,LabB_MSP,2,1,true,true,false,true,false,PASS,FAIL
bio:cell_line:aa7ca2e2-865c-4f53-aa7b-4efeec2ddbd0,CELL_LINE,ACTIVE,LabB_MSP,3,1,true,true,false,false,false,PASS,PASS
bio:cell_line:073e3b13-3bdf-4aed-8257-24d25c4ea77e,CELL_LINE,ACTIVE,LabB_MSP,3,2,true,true,false,false,false,PASS,PASS
bio:plasmid:6f7cb2d1-b38c-4ff9-ac6e-b1714d345a42,PLASMID,ACTIVE,LabA_MSP,3,1,true,true,false,false,false,PASS,PASS
bio:cell_line:bb90c477-5734-48f5-9295-8e817dba6f07,CELL_LINE,ACTIVE,LabA_MSP,3,3,true,true,false,false,false,PASS,PASS
bio:plasmid:7d61feb5-4021-4588-8ad0-4c55badee112,PLASMID,ACTIVE,LabA_MSP,3,2,true,true,false,false,false,PASS,PASS
bio:cell_line:e57d46c1-55fc-4df1-8e94-45c6a5758b76,CELL_LINE,ACTIVE,LabA_MSP,3,2,true,true,true,false,false,FAIL,FAIL
bio:cell_line:b0235ec4-6ee0-4ea2-a78b-76fea20c144e,CELL_LINE,ACTIVE,LabA_MSP,3,1,true,true,false,false,false,PASS,PASS
bio:plasmid:284cb9d1-c6a9-4b66-ad0e-e0e27dcf8128,PLASMID,ACTIVE,BioRepository_MSP,3,2,true,true,false,false,false,PASS,PASS
bio:cell_line:582a1551-23f9-4018-b93a-ba49dfc25abb,CELL_LINE,ACTIVE,LabA_MSP,2,3,true,true,false,false,false,PASS,PASS
bio:cell_line:efcae708-4323-4fc0-a4e4-ffd6a41a64ea,CELL_LINE,ACTIVE,LabB_MSP,3,3,true,true,false,false,false,PASS,PASS
bio:cell_line:98a73077-e17d-4426-a2f6-1f4ef8d8e777,CELL_LINE,REVOKED,BioRepository_MSP,3,2,true,true,false,false,false,FAIL,FAIL
bio:cell_line:e2dc41f5-849f-40e8-aece-1897a7bda5c4,CELL_LINE,ACTIVE,LabA_MSP,3,1,true,true,true,false,false,FAIL,FAIL
bio:cell_line:faa4f230-ac2b-4222-bb92-5dbd77246303,CELL_LINE,ACTIVE,LabB_MSP,3,3,true,true,false,false,false,PASS,PASS
bio:cell_line:8ccd0b06-2f99-4f64-b95a-7eb806fdab57,CELL_LINE,ACTIVE,LabB_MSP,2,2,true,true,false,false,false,PASS,PASS